ts,ready,running,completed,failed,queue_lag_seconds,throughput_per_second,avg_wait_priority_100,avg_wait_priority_0
2026-05-07T22:39:51.017954,0,0,1,0,0.000,0,1009.686,0.000
2026-05-07T22:39:52.025326,0,0,1,0,0.000,0,1009.686,0.000
2026-05-07T22:39:53.035854,0,0,1,0,0.000,0,1009.686,0.000
2026-05-07T22:39:54.045343,0,0,1,0,0.000,0,1009.686,0.000
2026-05-07T22:39:55.052294,0,0,1,0,0.000,0,1009.686,0.000
2026-05-07T22:39:56.060955,0,0,1,0,0.000,0,1009.686,0.000
2026-05-07T22:39:57.087550,0,0,1,0,0.000,0,1009.686,0.000
2026-05-07T22:39:58.095505,0,0,1,0,0.000,0,1009.686,0.000
2026-05-07T22:39:59.103671,0,0,1,0,0.000,0,1009.686,0.000
2026-05-07T22:40:00.113214,0,0,1,0,0.000,0,1009.686,0.000
2026-05-07T22:40:01.120286,0,0,1,0,0.000,0,1009.686,0.000
2026-05-07T22:40:02.126958,0,0,1,0,0.000,0,1009.686,0.000
2026-05-07T22:40:03.136913,0,0,1,0,0.000,0,1009.686,0.000
2026-05-07T22:40:04.144900,0,0,1,0,0.000,0,1009.686,0.000
2026-05-07T22:40:05.150074,0,0,1,0,0.000,0,1009.686,0.000
2026-05-07T22:40:06.153143,0,0,1,0,0.000,0,1009.686,0.000
2026-05-07T22:40:07.159224,0,0,1,0,0.000,0,1009.686,0.000
2026-05-07T22:40:08.166308,0,0,1,0,0.000,0,1009.686,0.000
2026-05-07T22:40:09.176673,0,0,1,0,0.000,0,1009.686,0.000
2026-05-07T22:40:10.185251,0,0,1,0,0.000,0,1009.686,0.000
2026-05-07T22:40:11.195122,0,0,1,0,0.000,0,1009.686,0.000
2026-05-07T22:40:12.197920,0,0,1,0,0.000,0,1009.686,0.000
2026-05-07T22:40:13.203771,0,0,1,0,0.000,0,1009.686,0.000
2026-05-07T22:40:14.207790,0,0,1,0,0.000,0,1009.686,0.000
2026-05-07T22:40:15.212180,0,0,1,0,0.000,0,1009.686,0.000
2026-05-07T22:40:16.219149,0,0,1,0,0.000,0,1009.686,0.000
2026-05-07T22:40:17.232244,0,0,1,0,0.000,0,1009.686,0.000
2026-05-07T22:40:18.241339,0,0,1,0,0.000,0,1009.686,0.000
2026-05-07T22:40:19.255668,0,0,1,0,0.000,0,1009.686,0.000
2026-05-07T22:40:20.268684,0,0,1,0,0.000,0,1009.686,0.000
2026-05-07T22:40:21.275537,0,0,1,0,0.000,0,1009.686,0.000
2026-05-07T22:40:22.280391,0,0,1,0,0.000,0,1009.686,0.000
2026-05-07T22:40:23.288444,0,0,1,0,0.000,0,1009.686,0.000
2026-05-07T22:40:24.301970,0,0,1,0,0.000,0,1009.686,0.000
2026-05-07T22:40:25.377251,0,0,1,0,0.000,0,1009.686,0.000
2026-05-07T22:40:26.404077,0,0,1,0,0.000,0,1009.686,0.000
2026-05-07T22:40:27.412573,0,0,1,0,0.000,0,1009.686,0.000
2026-05-07T22:40:28.420993,0,0,1,0,0.000,0,1009.686,0.000
2026-05-07T22:40:29.457057,0,0,1,0,0.000,0,1009.686,0.000
2026-05-07T22:40:30.469784,0,0,1,0,0.000,0,1009.686,0.000
2026-05-07T22:40:31.475798,0,0,1,0,0.000,0,1009.686,0.000
2026-05-07T22:40:32.487310,0,0,1,0,0.000,0,1009.686,0.000
2026-05-07T22:40:33.496057,0,0,1,0,0.000,0,1009.686,0.000
2026-05-07T22:40:34.506345,0,0,1,0,0.000,0,1009.686,0.000
2026-05-07T22:40:35.515372,0,0,1,0,0.000,0,1009.686,0.000
2026-05-07T22:40:36.523268,0,0,1,0,0.000,0,1009.686,0.000
2026-05-07T22:40:37.528879,0,0,1,0,0.000,0,1009.686,0.000
2026-05-07T22:40:38.536921,0,0,1,0,0.000,0,1009.686,0.000
2026-05-07T22:40:39.545085,0,0,1,0,0.000,0,1009.686,0.000
2026-05-07T22:40:40.552145,0,0,1,0,0.000,0,1009.686,0.000
2026-05-07T22:40:41.560174,0,0,1,0,0.000,0,1009.686,0.000
2026-05-07T22:40:42.569231,0,0,1,0,0.000,0,1009.686,0.000
2026-05-07T22:40:43.575890,0,0,1,0,0.000,0,1009.686,0.000
2026-05-07T22:40:44.579080,0,0,1,0,0.000,0,1009.686,0.000
2026-05-07T22:40:45.584152,0,0,1,0,0.000,0,1009.686,0.000
2026-05-07T22:40:46.591545,0,0,1,0,0.000,0,1009.686,0.000
2026-05-07T22:40:47.613045,0,0,1,0,0.000,0,1009.686,0.000
2026-05-07T22:40:48.619271,0,0,1,0,0.000,0,1009.686,0.000
2026-05-07T22:40:49.626706,80,2,3,0,0.700,2,336.876,0.015
2026-05-07T22:40:50.630020,169,2,14,0,1.704,11,72.830,0.015
2026-05-07T22:40:51.634283,261,2,23,0,2.708,9,41.332,0.015
2026-05-07T22:40:52.638040,351,2,34,0,3.711,11,29.192,0.015
2026-05-07T22:40:53.645803,441,2,44,0,4.719,10,23.280,0.015
2026-05-07T22:40:54.654518,533,2,53,0,5.728,9,19.869,0.015
2026-05-07T22:40:55.662846,626,2,61,0,6.736,8,17.504,0.015
2026-05-07T22:40:56.668352,718,2,70,0,7.742,9,15.632,0.015
2026-05-07T22:40:57.675990,808,2,80,0,8.749,10,14.273,0.015
2026-05-07T22:40:58.691562,901,2,88,0,9.765,6,13.165,0.015
2026-05-07T22:40:59.694707,993,2,98,0,10.768,10,12.325,0.015
2026-05-07T22:41:00.702296,1083,2,108,0,11.774,10,11.671,0.015
2026-05-07T22:41:01.704344,1176,2,116,0,12.777,8,11.300,0.015
2026-05-07T22:41:02.710931,1268,2,124,0,13.783,8,10.906,0.015
2026-05-07T22:41:03.717113,1362,2,131,0,14.790,7,10.677,0.015
2026-05-07T22:41:04.722170,1451,2,142,0,15.794,11,10.434,0.015
2026-05-07T22:41:05.733273,1545,2,149,0,16.803,7,10.286,0.015
2026-05-07T22:41:06.735648,1636,2,158,0,17.808,9,10.178,0.015
2026-05-07T22:41:07.745618,1727,2,168,0,18.816,10,10.103,0.015
2026-05-07T22:41:08.749520,1822,2,174,0,19.823,6,10.076,0.015
2026-05-07T22:41:09.756210,1915,2,181,0,20.828,7,10.082,0.015
2026-05-07T22:41:10.766302,2009,2,188,0,21.837,7,10.116,0.015
2026-05-07T22:41:11.771573,2101,2,197,0,22.843,9,10.182,0.015
2026-05-07T22:41:12.775493,2191,2,207,0,23.847,10,10.250,0.015
2026-05-07T22:41:13.778420,2283,2,216,0,24.851,9,10.321,0.015
2026-05-07T22:41:14.789433,2376,2,224,0,25.859,8,10.382,0.015
2026-05-07T22:41:15.795548,2468,2,232,0,26.867,8,10.462,0.015
2026-05-07T22:41:16.803890,2560,2,241,0,27.875,9,10.558,0.015
2026-05-07T22:41:17.808321,2650,2,251,0,28.880,10,10.673,0.015
2026-05-07T22:41:18.817760,2742,2,260,0,29.888,9,10.792,0.015
2026-05-07T22:41:19.825408,2834,2,269,0,30.896,9,10.913,0.015
2026-05-07T22:41:20.834486,2926,2,278,0,31.905,9,11.028,0.015
2026-05-07T22:41:21.840947,3020,2,285,0,32.912,7,11.156,0.015
2026-05-07T22:41:22.852292,3072,2,292,0,33.922,7,11.295,0.015
2026-05-07T22:41:23.865013,3064,2,300,0,34.934,8,11.423,0.015
2026-05-07T22:41:24.876224,3055,2,309,0,35.944,9,11.562,0.015
2026-05-07T22:41:25.886048,3048,2,316,0,36.957,7,11.694,0.015
2026-05-07T22:41:26.893919,3040,2,324,0,37.964,7,11.849,0.015
2026-05-07T22:41:27.901729,3197,2,332,0,38.974,8,12.027,0.015
2026-05-07T22:41:28.907175,3490,2,339,0,39.980,7,12.169,0.015
2026-05-07T22:41:29.911349,3783,2,349,0,40.983,10,12.353,0.015
2026-05-07T22:41:30.919353,4078,2,357,0,41.991,8,12.561,0.015
2026-05-07T22:41:31.925096,4372,2,364,0,42.997,7,12.735,0.015
2026-05-07T22:41:32.928273,4664,2,373,0,44.000,9,12.911,0.015
2026-05-07T22:41:33.934593,4957,2,382,0,45.005,9,13.091,0.015
2026-05-07T22:41:34.942108,5252,2,389,0,46.012,7,13.298,0.015
2026-05-07T22:41:35.948932,5543,2,399,0,47.019,10,13.529,0.015
2026-05-07T22:41:36.954563,5840,2,405,0,48.025,6,13.722,0.015
2026-05-07T22:41:37.963696,6133,2,414,0,49.034,9,13.919,0.015
2026-05-07T22:41:38.972355,6427,2,423,0,50.043,9,14.119,0.015
2026-05-07T22:41:39.981237,6720,2,433,0,51.051,10,14.344,0.015
2026-05-07T22:41:40.986042,7014,2,440,0,52.057,7,14.568,0.015
2026-05-07T22:41:41.991421,7306,2,450,0,53.061,10,14.815,0.015
2026-05-07T22:41:43.004652,7601,2,458,0,54.073,8,15.063,0.015
2026-05-07T22:41:44.014095,7895,2,467,0,55.083,9,15.266,0.015
2026-05-07T22:41:45.023694,8181,2,478,0,56.094,11,15.516,0.015
2026-05-07T22:41:46.028485,8481,2,487,0,57.100,9,15.723,0.015
2026-05-07T22:41:47.033554,8773,2,496,0,58.104,9,15.950,0.015
2026-05-07T22:41:48.040860,9069,2,502,0,59.111,6,16.134,0.015
2026-05-07T22:41:49.047500,9359,2,513,0,60.117,11,16.409,0.015
2026-05-07T22:41:50.054925,9652,2,522,0,61.124,9,16.636,0.015
2026-05-07T22:41:51.065315,9946,2,531,0,62.133,8,16.887,0.015
2026-05-07T22:41:52.076815,10244,2,537,0,63.146,6,17.114,0.015
2026-05-07T22:41:53.085033,10535,2,548,0,64.153,11,17.365,0.015
2026-05-07T22:41:54.092926,10831,2,555,0,65.162,7,17.570,0.015
2026-05-07T22:41:55.103329,11124,2,564,0,66.170,9,17.759,0.015
2026-05-07T22:41:56.117861,11420,2,572,0,67.184,8,17.918,0.015
2026-05-07T22:41:57.132928,11715,2,581,0,68.198,9,18.069,0.015
2026-05-07T22:41:58.140659,12009,2,591,0,69.208,10,18.263,0.015
2026-05-07T22:41:59.148739,12303,2,599,0,70.217,8,18.427,0.015
2026-05-07T22:42:00.158196,12598,2,607,0,71.227,8,18.599,0.015
2026-05-07T22:42:01.166915,12891,2,616,0,72.234,9,18.777,0.015
2026-05-07T22:42:02.176538,13185,2,625,0,73.243,9,18.982,0.015
2026-05-07T22:42:03.191272,13481,2,634,0,74.257,9,19.192,0.015
2026-05-07T22:42:04.200164,13760,2,644,0,75.267,10,19.406,0.015
2026-05-07T22:42:05.211241,14068,2,654,0,76.280,10,19.628,0.015
2026-05-07T22:42:06.218629,14362,2,662,0,77.287,8,19.856,0.015
2026-05-07T22:42:07.230427,14654,2,672,0,78.297,9,20.111,0.015
2026-05-07T22:42:08.240604,14947,2,682,0,79.307,10,20.346,0.015
2026-05-07T22:42:09.249908,15241,2,691,0,80.317,9,20.587,0.015
2026-05-07T22:42:10.270010,15538,2,699,0,81.334,8,20.784,0.015
2026-05-07T22:42:11.284782,15833,2,709,0,82.350,10,21.035,0.015
2026-05-07T22:42:12.299027,16130,2,716,0,83.364,7,21.240,0.015
2026-05-07T22:42:13.313525,16424,2,727,0,84.378,11,21.527,0.015
2026-05-07T22:42:14.321080,16718,2,736,0,85.390,9,21.766,0.015
2026-05-07T22:42:15.331990,17012,2,744,0,86.397,8,22.008,0.015
2026-05-07T22:42:16.342641,17308,2,752,0,87.408,8,22.253,0.015
2026-05-07T22:42:17.358685,17603,2,761,0,88.423,8,22.528,0.015
2026-05-07T22:42:18.372510,17902,2,767,0,89.438,6,22.752,0.015
2026-05-07T22:42:19.389617,18197,2,775,0,90.451,8,23.008,0.015
2026-05-07T22:42:20.401057,18491,2,784,0,91.465,8,23.295,0.015
2026-05-07T22:42:21.419656,18790,2,792,0,92.482,7,23.556,0.015
2026-05-07T22:42:22.432740,19082,2,804,0,93.496,12,23.908,0.015
2026-05-07T22:42:23.449889,19376,2,815,0,94.513,11,24.234,0.015
2026-05-07T22:42:24.465034,19673,2,823,0,95.529,8,24.533,0.015
2026-05-07T22:42:25.481486,19970,2,831,0,96.546,8,24.864,0.015
2026-05-07T22:42:26.493845,20266,2,839,0,97.557,8,25.169,0.015
2026-05-07T22:42:27.511292,20560,2,849,0,98.572,10,25.475,0.015
2026-05-07T22:42:28.533426,20855,2,860,0,99.591,10,25.814,0.015
2026-05-07T22:42:29.549603,21151,2,870,0,100.612,10,26.124,0.015
2026-05-07T22:42:30.563344,21446,2,879,0,101.627,9,26.405,0.015
2026-05-07T22:42:31.585267,21744,2,886,0,102.643,7,26.690,0.015
2026-05-07T22:42:32.601513,22040,2,896,0,103.663,10,27.008,0.015
2026-05-07T22:42:33.620905,22336,2,905,0,104.679,9,27.361,0.015
2026-05-07T22:42:34.634434,22630,2,916,0,105.696,11,27.714,0.015
2026-05-07T22:42:35.650172,22929,2,922,0,106.713,6,27.941,0.015
2026-05-07T22:42:36.662604,23226,2,930,0,107.728,8,28.269,0.015
2026-05-07T22:42:37.674787,23522,2,937,0,108.738,7,28.566,0.015
2026-05-07T22:42:38.692652,23818,2,946,0,109.755,9,28.930,0.015
2026-05-07T22:42:39.704044,24115,2,953,0,110.769,7,29.197,0.015
2026-05-07T22:42:40.718798,24411,2,961,0,111.780,7,29.500,0.015
2026-05-07T22:42:41.747916,24706,2,971,0,112.799,10,29.872,0.015
2026-05-07T22:42:42.766873,25006,2,980,0,113.828,9,30.178,0.015
2026-05-07T22:42:43.786613,25305,2,987,0,114.847,7,30.519,0.015
2026-05-07T22:42:44.803625,25600,2,997,0,115.866,10,30.861,0.015
2026-05-07T22:42:45.820311,25894,2,1009,0,116.884,12,31.273,0.015
2026-05-07T22:42:46.835049,26189,2,1017,0,117.896,8,31.618,0.015
2026-05-07T22:42:47.854565,26485,2,1027,0,118.914,10,31.964,0.015
2026-05-07T22:42:48.867526,26782,2,1034,0,119.929,7,32.243,0.015
2026-05-07T22:42:49.887411,27077,2,1044,0,120.946,10,32.593,0.015
2026-05-07T22:42:50.904049,27373,2,1054,0,121.963,10,33.015,0.015
2026-05-07T22:42:51.916464,27670,2,1061,0,122.979,7,33.367,0.015
2026-05-07T22:42:52.934237,27967,2,1069,0,123.994,8,33.685,0.015
2026-05-07T22:42:53.950748,28263,2,1078,0,125.010,8,34.040,0.015
2026-05-07T22:42:54.968980,28563,2,1083,0,126.027,5,34.326,0.015
2026-05-07T22:42:55.988726,28861,2,1091,0,127.047,8,34.650,0.015
2026-05-07T22:42:57.006621,29156,2,1101,0,128.066,10,35.045,0.015
2026-05-07T22:42:58.026435,29453,2,1110,0,129.086,9,35.369,0.015
2026-05-07T22:42:59.042980,29747,2,1121,0,130.103,11,35.766,0.015
2026-05-07T22:43:00.058361,30044,2,1131,0,131.124,10,36.128,0.015
2026-05-07T22:43:01.071928,30334,2,1143,0,132.134,12,36.599,0.015
2026-05-07T22:43:02.091544,30631,2,1151,0,133.151,8,36.997,0.015
2026-05-07T22:43:03.110595,30928,2,1160,0,134.171,9,37.360,0.015
2026-05-07T22:43:04.127235,31221,2,1170,0,135.187,10,37.723,0.015
2026-05-07T22:43:05.138150,31520,2,1179,0,136.206,9,38.088,0.015
2026-05-07T22:43:06.153910,31813,2,1188,0,137.215,9,38.452,0.015
2026-05-07T22:43:07.170228,32109,2,1197,0,138.230,8,38.818,0.015
2026-05-07T22:43:08.189303,32403,2,1209,0,139.251,12,39.258,0.015
2026-05-07T22:43:09.207413,32699,2,1218,0,140.267,9,39.625,0.015
2026-05-07T22:43:10.226393,32997,2,1225,0,141.283,7,39.920,0.015
2026-05-07T22:43:11.241639,33293,2,1235,0,142.303,10,40.289,0.015
2026-05-07T22:43:12.258265,33587,2,1245,0,143.318,10,40.696,0.015
2026-05-07T22:43:13.276247,33883,2,1254,0,144.334,9,41.102,0.015
2026-05-07T22:43:14.286449,34180,2,1263,0,145.353,8,41.472,0.015
2026-05-07T22:43:15.308948,34475,2,1272,0,146.366,9,41.807,0.015
2026-05-07T22:43:16.323898,34770,2,1283,0,147.385,11,42.217,0.015
2026-05-07T22:43:17.364628,35070,2,1290,0,148.409,7,42.554,0.015
2026-05-07T22:43:18.390963,35369,2,1301,0,149.444,10,42.965,0.015
2026-05-07T22:43:19.411660,35670,2,1308,0,150.470,7,43.266,0.015
2026-05-07T22:43:20.430030,35964,2,1320,0,151.490,12,43.717,0.015
2026-05-07T22:43:21.448226,36262,2,1328,0,152.511,8,44.057,0.015
2026-05-07T22:43:22.466862,36560,2,1335,0,153.525,7,44.471,0.015
2026-05-07T22:43:23.489429,36857,2,1345,0,154.549,10,44.886,0.015
2026-05-07T22:43:24.514021,37154,2,1353,0,155.567,8,45.225,0.015
2026-05-07T22:43:25.533049,37453,2,1361,0,156.591,8,45.603,0.015
2026-05-07T22:43:26.551259,37753,2,1369,0,157.614,8,45.980,0.015
2026-05-07T22:43:27.568594,38047,2,1379,0,158.628,10,46.359,0.015
2026-05-07T22:43:28.591851,38345,2,1387,0,159.650,8,46.701,0.015
2026-05-07T22:43:29.610647,38641,2,1397,0,160.668,10,47.119,0.015
2026-05-07T22:43:30.627415,38937,2,1407,0,161.689,9,47.499,0.015
2026-05-07T22:43:31.647683,39232,2,1417,0,162.707,10,47.881,0.015
2026-05-07T22:43:32.669850,39528,2,1427,0,163.727,10,48.263,0.015
2026-05-07T22:43:33.684837,39824,2,1437,0,164.747,10,48.645,0.015
2026-05-07T22:43:34.721224,40120,2,1446,0,165.764,9,48.990,0.015
2026-05-07T22:43:35.739171,40418,2,1458,0,166.797,10,49.451,0.015
2026-05-07T22:43:36.757680,40717,2,1465,0,167.816,7,49.758,0.015
2026-05-07T22:43:37.781286,41013,2,1475,0,168.836,10,50.143,0.015
2026-05-07T22:43:38.805142,41312,2,1483,0,169.858,8,50.492,0.015
2026-05-07T22:43:39.835608,41608,2,1494,0,170.898,10,50.918,0.015
2026-05-07T22:43:40.854433,41906,2,1505,0,171.912,11,51.345,0.015
2026-05-07T22:43:41.876963,42202,2,1516,0,172.935,11,51.771,0.015
2026-05-07T22:43:42.901256,42501,2,1523,0,173.956,7,52.121,0.015
2026-05-07T22:43:43.922983,42801,2,1530,0,174.978,7,52.472,0.015
2026-05-07T22:43:44.945281,43098,2,1539,0,176.000,8,52.939,0.015
2026-05-07T22:43:45.971467,43396,2,1549,0,177.026,10,53.330,0.015
2026-05-07T22:43:47.005182,43696,2,1556,0,178.054,7,53.720,0.015
2026-05-07T22:43:48.027381,43998,2,1564,0,179.081,8,54.111,0.015
2026-05-07T22:43:49.055083,44296,2,1574,0,180.110,10,54.502,0.015
2026-05-07T22:43:50.076760,44592,2,1584,0,181.131,10,54.933,0.015
2026-05-07T22:43:51.099376,44890,2,1593,0,182.153,9,55.325,0.015
2026-05-07T22:43:52.115950,45191,2,1599,0,183.177,5,55.678,0.015
2026-05-07T22:43:53.146112,45488,2,1608,0,184.197,9,56.032,0.015
2026-05-07T22:43:54.164590,45785,2,1618,0,185.222,10,56.425,0.015
2026-05-07T22:43:55.189507,46084,2,1627,0,186.242,9,56.859,0.015
2026-05-07T22:43:56.205880,46382,2,1636,0,187.270,9,57.214,0.015
2026-05-07T22:43:57.235736,46677,2,1644,0,188.301,8,57.570,0.015
2026-05-07T22:43:58.251796,46979,2,1652,0,189.311,8,57.926,0.015
2026-05-07T22:43:59.267256,47273,2,1662,0,190.328,10,58.322,0.015
2026-05-07T22:44:00.287665,47571,2,1670,0,191.346,8,58.718,0.015
2026-05-07T22:44:01.317555,47870,2,1678,0,192.370,8,59.076,0.015
2026-05-07T22:44:02.336621,48169,2,1688,0,193.398,9,59.514,0.015
2026-05-07T22:44:03.352315,48464,2,1697,0,194.413,9,59.873,0.015
2026-05-07T22:44:04.370733,48762,2,1704,0,195.430,7,60.232,0.015
2026-05-07T22:44:05.387952,49061,2,1712,0,196.451,8,60.592,0.015
2026-05-07T22:44:06.403869,49355,2,1722,0,197.465,9,60.991,0.015
2026-05-07T22:44:07.419620,49648,2,1733,0,198.480,9,61.430,0.015
2026-05-07T22:44:08.445348,49944,2,1743,0,199.499,10,61.869,0.015
2026-05-07T22:44:09.481881,50245,2,1751,0,200.528,8,62.228,0.015
2026-05-07T22:44:10.505166,50546,2,1759,0,201.559,8,62.628,0.015
2026-05-07T22:44:11.522766,50844,2,1768,0,202.581,9,63.068,0.015
2026-05-07T22:44:12.545682,51141,2,1777,0,203.601,9,63.508,0.015
2026-05-07T22:44:13.684154,51426,2,1787,0,204.632,10,63.908,0.015
2026-05-07T22:44:14.742948,51770,2,1796,0,205.765,7,64.388,0.015
2026-05-07T22:44:15.791290,52077,2,1808,0,206.825,11,64.868,0.015
2026-05-07T22:44:16.837467,52385,2,1815,0,207.875,7,65.229,0.015
2026-05-07T22:44:17.859550,52687,2,1826,0,208.919,11,65.670,0.015
2026-05-07T22:44:18.921114,52984,2,1835,0,209.940,9,66.031,0.015
2026-05-07T22:44:19.945151,53292,2,1845,0,210.998,9,66.473,0.015
2026-05-07T22:44:20.970341,53584,2,1854,0,212.024,8,66.834,0.015
2026-05-07T22:44:21.990597,53888,2,1863,0,213.047,8,67.237,0.015
2026-05-07T22:44:23.015335,54185,2,1872,0,214.068,8,67.640,0.015
2026-05-07T22:44:24.032684,54486,2,1880,0,215.096,8,68.044,0.015
2026-05-07T22:44:25.051547,54780,2,1890,0,216.109,10,68.448,0.015
2026-05-07T22:44:26.078007,55077,2,1900,0,217.132,9,68.852,0.015
2026-05-07T22:44:27.101526,55376,2,1909,0,218.158,9,69.296,0.015
2026-05-07T22:44:28.121428,55673,2,1918,0,219.179,9,69.699,0.015
2026-05-07T22:44:29.138447,55970,2,1926,0,220.197,8,70.102,0.015
2026-05-07T22:44:30.165916,56270,2,1933,0,221.218,7,70.466,0.015
2026-05-07T22:44:31.184925,56566,2,1945,0,222.244,11,70.951,0.015
2026-05-07T22:44:32.203565,56861,2,1955,0,223.262,10,71.355,0.015
2026-05-07T22:44:33.225509,57162,2,1960,0,224.283,5,71.679,0.015
2026-05-07T22:44:34.240153,57463,2,1966,0,225.303,6,72.125,0.015
2026-05-07T22:44:35.258624,57757,2,1975,0,226.316,9,72.490,0.015
2026-05-07T22:44:36.279009,58056,2,1983,0,227.338,8,72.935,0.015
2026-05-07T22:44:37.296070,58352,2,1991,0,228.354,8,73.300,0.015
2026-05-07T22:44:38.319953,58651,2,1999,0,229.376,8,73.625,0.015
2026-05-07T22:44:39.342178,58951,2,2006,0,230.400,7,74.032,0.015
2026-05-07T22:44:40.360632,59249,2,2014,0,231.418,8,74.358,0.015
2026-05-07T22:44:41.379523,59546,2,2022,0,232.436,7,74.766,0.015
2026-05-07T22:44:42.396616,59844,2,2030,0,233.456,7,75.134,0.015
2026-05-07T22:44:43.423481,60142,2,2038,0,234.476,8,75.502,0.015
2026-05-07T22:44:44.445125,60443,2,2045,0,235.502,5,75.870,0.015
2026-05-07T22:44:45.465318,60741,2,2053,0,236.523,7,76.280,0.015
2026-05-07T22:44:46.488544,61038,2,2063,0,237.545,10,76.690,0.015
2026-05-07T22:44:47.508362,61334,2,2073,0,238.566,9,77.100,0.015
2026-05-07T22:44:48.529780,61632,2,2081,0,239.587,8,77.552,0.015
2026-05-07T22:44:49.553066,61928,2,2092,0,240.609,11,78.004,0.015
2026-05-07T22:44:50.575427,62226,2,2101,0,241.631,9,78.414,0.015
2026-05-07T22:44:51.598512,62526,2,2109,0,242.656,8,78.784,0.015
2026-05-07T22:44:52.620347,62821,2,2119,0,243.676,10,79.236,0.015
2026-05-07T22:44:53.640767,63118,2,2129,0,244.697,10,79.647,0.015
2026-05-07T22:44:54.672371,63417,2,2137,0,245.721,8,80.018,0.015
2026-05-07T22:44:55.696399,63717,2,2145,0,246.749,8,80.470,0.015
2026-05-07T22:44:56.710019,64016,2,2153,0,247.773,8,80.840,0.015
2026-05-07T22:44:57.729400,64312,2,2161,0,248.785,8,81.252,0.015
2026-05-07T22:44:58.749784,64610,2,2169,0,249.806,8,81.665,0.015
2026-05-07T22:44:59.771101,64906,2,2179,0,250.828,9,82.159,0.015
2026-05-07T22:45:00.799327,65203,2,2189,0,251.848,10,82.570,0.015
2026-05-07T22:45:01.822737,65503,2,2198,0,252.880,9,83.022,0.015
2026-05-07T22:45:02.839793,65799,2,2208,0,253.899,10,83.474,0.015
2026-05-07T22:45:03.862688,66094,2,2219,0,254.918,11,83.925,0.015
2026-05-07T22:45:04.888085,66390,2,2230,0,255.942,11,84.377,0.015
2026-05-07T22:45:05.909396,66688,2,2240,0,256.967,9,84.828,0.015
2026-05-07T22:45:06.975550,66986,2,2249,0,257.991,9,85.197,0.015
2026-05-07T22:45:08.004760,67296,2,2258,0,259.056,7,85.648,0.015
2026-05-07T22:45:09.027330,67598,2,2265,0,260.085,7,86.058,0.015
2026-05-07T22:45:10.057560,67897,2,2273,0,261.108,7,86.469,0.015
2026-05-07T22:45:11.087741,68196,2,2281,0,262.134,8,86.838,0.015
2026-05-07T22:45:12.110288,68495,2,2292,0,263.167,10,87.290,0.015
2026-05-07T22:45:13.135551,68787,2,2302,0,264.187,10,87.702,0.015
2026-05-07T22:45:14.156068,69089,2,2311,0,265.211,9,88.153,0.015
2026-05-07T22:45:15.190860,69388,2,2321,0,266.238,10,88.605,0.015
2026-05-07T22:45:16.211819,69686,2,2331,0,267.268,10,89.057,0.015
2026-05-07T22:45:17.233180,69984,2,2340,0,268.289,9,89.426,0.015
2026-05-07T22:45:18.253441,70282,2,2349,0,269.313,9,89.797,0.015
2026-05-07T22:45:19.281283,70581,2,2356,0,270.334,7,90.167,0.015
2026-05-07T22:45:20.303937,70881,2,2364,0,271.361,8,90.538,0.015
2026-05-07T22:45:21.326404,71179,2,2372,0,272.380,7,90.910,0.015
2026-05-07T22:45:22.349872,71478,2,2380,0,273.404,8,91.282,0.015
2026-05-07T22:45:23.375252,71777,2,2388,0,274.426,8,91.655,0.015
2026-05-07T22:45:24.567449,72019,2,2395,0,275.468,7,91.986,0.015
2026-05-07T22:45:25.595235,72425,2,2407,0,276.647,10,92.484,0.015
2026-05-07T22:45:26.616262,72722,2,2417,0,277.673,10,92.983,0.015
2026-05-07T22:45:27.645389,73021,2,2425,0,278.697,8,93.356,0.015
2026-05-07T22:45:28.675653,73319,2,2435,0,279.721,10,93.771,0.015
2026-05-07T22:45:29.724017,73597,2,2443,0,280.753,8,94.104,0.015
2026-05-07T22:45:30.763832,73925,2,2453,0,281.801,8,94.520,0.015
2026-05-07T22:45:31.810535,74229,2,2463,0,282.850,9,94.937,0.015
2026-05-07T22:45:32.831668,74534,2,2471,0,283.892,8,95.354,0.015
2026-05-07T22:45:33.851412,74830,2,2480,0,284.908,9,95.730,0.015
2026-05-07T22:45:34.875043,75128,2,2488,0,285.930,8,96.064,0.015
2026-05-07T22:45:35.893705,75423,2,2500,0,286.952,11,96.607,0.015
2026-05-07T22:45:36.913902,75720,2,2508,0,287.970,8,96.982,0.015
2026-05-07T22:45:37.935249,76017,2,2517,0,288.990,9,97.358,0.015
2026-05-07T22:45:38.962698,76317,2,2525,0,290.016,7,97.775,0.015
2026-05-07T22:45:39.986427,76618,2,2532,0,291.042,7,98.193,0.015
2026-05-07T22:45:41.011087,76914,2,2543,0,292.067,11,98.651,0.015
2026-05-07T22:45:42.033244,77209,2,2554,0,293.087,11,99.110,0.015
2026-05-07T22:45:43.054599,77508,2,2562,0,294.110,8,99.568,0.015
2026-05-07T22:45:44.072889,77806,2,2571,0,295.132,9,99.942,0.015
2026-05-07T22:45:45.104902,78103,2,2579,0,296.151,8,100.359,0.015
2026-05-07T22:45:46.295797,78402,2,2588,0,297.247,8,100.734,0.015
2026-05-07T22:45:47.356601,78751,2,2599,0,298.378,10,101.276,0.015
2026-05-07T22:45:48.377542,79061,2,2608,0,299.439,9,101.734,0.015
2026-05-07T22:45:49.403777,79357,2,2618,0,300.458,10,102.150,0.015
2026-05-07T22:45:50.428622,79654,2,2628,0,301.484,10,102.608,0.015
2026-05-07T22:45:51.501044,79948,1,2638,0,302.513,10,102.983,0.015
2026-05-07T22:45:52.533978,80265,2,2646,0,303.580,8,103.399,0.015
2026-05-07T22:45:53.558207,80563,2,2658,0,304.612,12,103.899,0.015
2026-05-07T22:45:54.578379,80861,2,2666,0,305.634,8,104.315,0.015
2026-05-07T22:45:55.600939,81159,2,2675,0,306.657,9,104.690,0.015
2026-05-07T22:45:56.630722,81460,2,2683,0,307.685,8,105.066,0.015
2026-05-07T22:45:57.653987,81759,2,2691,0,308.709,7,105.483,0.015
2026-05-07T22:45:58.676013,82056,2,2700,0,309.730,9,105.900,0.015
2026-05-07T22:45:59.695739,82355,2,2708,0,310.753,8,106.359,0.015
2026-05-07T22:46:00.716255,82652,2,2717,0,311.772,9,106.776,0.015
2026-05-07T22:46:01.741595,82950,2,2726,0,312.796,9,107.193,0.015
2026-05-07T22:46:02.799093,83249,2,2735,0,313.821,9,107.610,0.015
2026-05-07T22:46:03.855571,83551,1,2745,0,314.879,10,107.986,0.015
2026-05-07T22:46:04.897915,83864,2,2754,0,315.936,9,108.446,0.015
2026-05-07T22:46:05.925425,84167,2,2764,0,316.979,10,108.946,0.015
2026-05-07T22:46:06.951441,84468,2,2771,0,318.006,7,109.280,0.015
2026-05-07T22:46:07.974354,84765,2,2781,0,319.029,10,109.781,0.015
2026-05-07T22:46:09.014511,85064,2,2789,0,320.054,8,110.115,0.015
2026-05-07T22:46:10.037616,85365,2,2800,0,321.093,10,110.574,0.015
2026-05-07T22:46:11.063364,85664,2,2808,0,322.118,8,110.909,0.015
2026-05-07T22:46:12.088008,85963,2,2817,0,323.143,9,111.369,0.015
2026-05-07T22:46:13.160684,86265,2,2824,0,324.173,7,111.704,0.015
2026-05-07T22:46:14.188727,86576,2,2832,0,325.239,7,112.124,0.015
2026-05-07T22:46:15.213459,86877,2,2840,0,326.268,8,112.501,0.015
2026-05-07T22:46:16.232056,87176,2,2848,0,327.290,8,112.879,0.015
2026-05-07T22:46:17.290851,87471,2,2860,0,328.315,11,113.425,0.015
2026-05-07T22:46:18.521689,87747,2,2868,0,329.454,6,113.802,0.015
2026-05-07T22:46:19.542586,88138,2,2880,0,330.602,10,114.348,0.015
2026-05-07T22:46:20.602200,88434,2,2889,0,331.620,9,114.768,0.015
2026-05-07T22:46:21.630610,88743,2,2898,0,332.681,9,115.187,0.015
2026-05-07T22:46:22.654839,89042,2,2907,0,333.707,9,115.565,0.015
2026-05-07T22:46:23.682284,89342,2,2916,0,334.736,8,115.985,0.015
2026-05-07T22:46:24.711148,89639,2,2926,0,335.759,10,116.404,0.015
2026-05-07T22:46:25.735907,89940,2,2935,0,336.791,9,116.824,0.015
2026-05-07T22:46:26.763033,90240,2,2942,0,337.817,7,117.202,0.015
2026-05-07T22:46:27.777780,90540,2,2949,0,338.840,7,117.665,0.015
2026-05-07T22:46:28.808074,90837,2,2957,0,339.857,8,118.043,0.015
2026-05-07T22:46:29.834640,91137,2,2966,0,340.883,9,118.421,0.015
2026-05-07T22:46:30.861093,91438,2,2973,0,341.913,7,118.799,0.015
2026-05-07T22:46:31.888774,91737,2,2982,0,342.939,9,119.262,0.015
2026-05-07T22:46:32.909309,92038,2,2990,0,343.968,8,119.682,0.015
2026-05-07T22:46:33.941528,92334,2,2999,0,344.984,9,120.145,0.015
2026-05-07T22:46:34.969206,92634,2,3010,0,346.022,10,120.607,0.015
2026-05-07T22:46:36.000050,92933,2,3017,0,347.050,7,120.943,0.015
2026-05-07T22:46:37.027264,93232,2,3029,0,348.080,12,121.448,0.015
2026-05-07T22:46:38.052957,93531,2,3038,0,349.106,9,121.826,0.015
2026-05-07T22:46:39.080523,93829,2,3049,0,350.134,11,122.289,0.015
2026-05-07T22:46:40.132179,94126,2,3058,0,351.156,9,122.667,0.015
2026-05-07T22:46:41.163828,94434,2,3067,0,352.212,9,123.087,0.015
2026-05-07T22:46:42.189592,94734,2,3076,0,353.241,9,123.549,0.015
2026-05-07T22:46:43.217799,95032,2,3085,0,354.266,9,123.969,0.015
2026-05-07T22:46:44.233673,95322,2,3093,0,355.292,8,124.348,0.015
2026-05-07T22:46:45.262386,95628,2,3103,0,356.311,9,124.768,0.015
2026-05-07T22:46:46.299343,95930,2,3111,0,357.344,8,125.189,0.015
2026-05-07T22:46:47.342934,96230,2,3122,0,358.380,11,125.651,0.015
2026-05-07T22:46:48.378982,96531,2,3133,0,359.422,11,126.114,0.015
2026-05-07T22:46:49.397944,96831,2,3143,0,360.456,10,126.535,0.015
2026-05-07T22:46:50.430813,97129,2,3152,0,361.477,9,126.955,0.015
2026-05-07T22:46:51.455340,97429,2,3160,0,362.506,8,127.334,0.015
2026-05-07T22:46:52.479507,97730,2,3167,0,363.532,7,127.713,0.015
2026-05-07T22:46:53.505974,98030,2,3174,0,364.555,6,128.134,0.015
2026-05-07T22:46:54.542244,98329,2,3184,0,365.585,10,128.555,0.015
2026-05-07T22:46:55.576484,98629,2,3195,0,366.622,11,129.061,0.015
2026-05-07T22:46:56.594190,98929,2,3204,0,367.652,8,129.482,0.015
2026-05-07T22:46:57.627004,99224,2,3216,0,368.674,11,129.988,0.015
2026-05-07T22:46:58.645740,99525,2,3223,0,369.703,7,130.366,0.015
2026-05-07T22:46:59.668390,99822,1,3233,0,370.721,10,130.787,0.015
2026-05-07T22:47:00.693482,100118,2,3242,0,371.744,9,131.208,0.015
2026-05-07T22:47:01.716513,100416,2,3252,0,372.770,10,131.630,0.015
2026-05-07T22:47:02.748410,100716,2,3260,0,373.796,8,131.967,0.015
2026-05-07T22:47:03.776072,101012,2,3273,0,374.826,12,132.515,0.015
2026-05-07T22:47:04.810278,101314,2,3280,0,375.856,7,132.852,0.015
2026-05-07T22:47:05.854177,101616,2,3290,0,376.890,10,133.358,0.015
2026-05-07T22:47:06.871507,101918,2,3298,0,377.930,8,133.738,0.015
2026-05-07T22:47:07.893081,102214,2,3307,0,378.947,8,134.201,0.015
2026-05-07T22:47:08.915631,102513,2,3315,0,379.970,8,134.581,0.015
2026-05-07T22:47:09.946020,102810,2,3326,0,380.996,11,135.045,0.015
2026-05-07T22:47:10.970372,103110,2,3335,0,382.025,8,135.424,0.015
2026-05-07T22:47:11.989881,103406,2,3345,0,383.047,10,135.888,0.015
2026-05-07T22:47:13.013943,103705,2,3353,0,384.070,8,136.310,0.015
2026-05-07T22:47:14.036126,104001,2,3363,0,385.090,10,136.774,0.015
2026-05-07T22:47:15.070677,104302,2,3370,0,386.115,7,137.070,0.015
2026-05-07T22:47:16.094652,104605,2,3378,0,387.151,8,137.450,0.015
2026-05-07T22:47:17.119218,104901,2,3389,0,388.175,10,137.915,0.015
2026-05-07T22:47:18.143364,105198,2,3399,0,389.198,10,138.379,0.015
2026-05-07T22:47:19.175146,105496,2,3408,0,390.223,8,138.843,0.015
2026-05-07T22:47:20.202638,105798,2,3416,0,391.256,7,139.265,0.015
2026-05-07T22:47:21.231066,106097,2,3424,0,392.278,7,139.686,0.015
2026-05-07T22:47:22.250447,106398,2,3432,0,393.310,7,140.066,0.015
2026-05-07T22:47:23.279263,106693,2,3443,0,394.329,11,140.573,0.015
2026-05-07T22:47:24.299276,106993,2,3452,0,395.360,9,140.953,0.015
2026-05-07T22:47:25.323548,107289,2,3461,0,396.377,9,141.333,0.015
2026-05-07T22:47:26.353971,107588,2,3470,0,397.403,9,141.714,0.015
2026-05-07T22:47:27.388119,107888,2,3479,0,398.432,8,142.095,0.015
2026-05-07T22:47:28.422569,108190,2,3491,0,399.479,10,142.603,0.015
2026-05-07T22:47:29.448028,108488,2,3499,0,400.498,8,142.983,0.015
2026-05-07T22:47:30.472723,108783,2,3511,0,401.523,10,143.533,0.015
2026-05-07T22:47:31.492311,109084,2,3519,0,402.552,8,143.914,0.015
2026-05-07T22:47:32.542929,109381,2,3529,0,403.573,10,144.379,0.015
2026-05-07T22:47:33.589995,109685,2,3538,0,404.620,9,144.802,0.015
2026-05-07T22:47:34.622106,109992,2,3547,0,405.671,9,145.183,0.015
2026-05-07T22:47:35.641205,110291,2,3556,0,406.700,9,145.606,0.015
2026-05-07T22:47:36.656113,110585,2,3567,0,407.716,11,146.114,0.015
2026-05-07T22:47:37.680518,110880,2,3577,0,408.734,10,146.537,0.015
2026-05-07T22:47:38.702044,111179,2,3586,0,409.757,9,146.960,0.015
2026-05-07T22:47:39.726422,111477,2,3594,0,410.779,8,147.298,0.015
2026-05-07T22:47:40.742136,111774,2,3604,0,411.803,10,147.764,0.015
2026-05-07T22:47:41.764386,112070,2,3613,0,412.820,9,148.187,0.015
2026-05-07T22:47:42.789594,112372,2,3618,0,413.842,5,148.526,0.015
2026-05-07T22:47:43.812831,112669,2,3628,0,414.867,10,148.992,0.015
2026-05-07T22:47:44.836509,112967,2,3637,0,415.889,9,149.374,0.015
2026-05-07T22:47:45.849763,113266,2,3645,0,416.913,7,149.798,0.015
2026-05-07T22:47:46.873779,113564,2,3652,0,417.929,7,150.179,0.015
2026-05-07T22:47:47.906677,113861,2,3662,0,418.954,10,150.604,0.015
2026-05-07T22:47:48.929269,114164,2,3669,0,419.984,7,150.901,0.015
2026-05-07T22:47:49.983051,114462,2,3679,0,421.010,10,151.325,0.015
2026-05-07T22:47:51.095807,114706,2,3689,0,422.068,9,151.750,0.015
2026-05-07T22:47:52.119944,115092,2,3697,0,423.173,7,152.175,0.015
2026-05-07T22:47:53.150070,115391,2,3707,0,424.201,10,152.600,0.015
2026-05-07T22:47:54.173640,115687,2,3718,0,425.225,11,153.109,0.015
2026-05-07T22:47:55.211607,115989,2,3724,0,426.251,6,153.491,0.015
2026-05-07T22:47:56.229216,116291,2,3734,0,427.292,9,153.915,0.015
2026-05-07T22:47:57.255834,116586,2,3744,0,428.308,10,154.339,0.015
2026-05-07T22:47:58.279995,116883,2,3754,0,429.333,9,154.806,0.015
2026-05-07T22:47:59.302586,117180,2,3765,0,430.357,11,155.314,0.015
2026-05-07T22:48:00.330268,117477,2,3775,0,431.382,9,155.738,0.015
2026-05-07T22:48:01.347931,117775,2,3785,0,432.407,10,156.161,0.015
2026-05-07T22:48:02.361498,118070,2,3794,0,433.423,9,156.584,0.015
2026-05-07T22:48:03.384702,118366,2,3803,0,434.439,9,157.008,0.015
2026-05-07T22:48:04.402474,118664,2,3812,0,435.462,8,157.432,0.015
2026-05-07T22:48:05.419542,118961,2,3820,0,436.479,8,157.855,0.015
2026-05-07T22:48:06.437107,119256,2,3831,0,437.498,11,158.321,0.015
2026-05-07T22:48:07.461739,119551,2,3840,0,438.513,9,158.787,0.015
2026-05-07T22:48:08.512967,119850,2,3849,0,439.536,9,159.168,0.015
2026-05-07T22:48:09.539612,120156,2,3858,0,440.591,8,159.591,0.015
2026-05-07T22:48:10.568723,120456,2,3867,0,441.619,8,160.015,0.015
2026-05-07T22:48:11.593142,120755,2,3876,0,442.647,9,160.480,0.015
2026-05-07T22:48:12.620546,121051,2,3887,0,443.669,10,160.946,0.015
2026-05-07T22:48:13.650805,121354,2,3894,0,444.700,7,161.285,0.015
2026-05-07T22:48:14.698137,121655,2,3901,0,445.727,7,161.709,0.015
2026-05-07T22:48:15.722325,121961,2,3910,0,446.777,8,162.175,0.015
2026-05-07T22:48:16.746426,122258,2,3919,0,447.798,9,162.599,0.015
2026-05-07T22:48:17.781922,122557,2,3928,0,448.825,9,163.023,0.015
2026-05-07T22:48:18.809963,122861,2,3934,0,449.858,5,163.447,0.015
2026-05-07T22:48:19.840541,123162,2,3942,0,450.890,7,163.871,0.015
2026-05-07T22:48:20.867750,123463,2,3949,0,451.915,7,164.253,0.015
2026-05-07T22:48:21.887765,123762,2,3958,0,452.942,9,164.720,0.015
2026-05-07T22:48:22.907556,124062,2,3966,0,453.967,8,165.144,0.015
2026-05-07T22:48:23.929859,124357,2,3975,0,454.982,9,165.568,0.015
2026-05-07T22:48:24.961212,124656,2,3983,0,456.005,8,165.908,0.015
2026-05-07T22:48:25.992145,124959,2,3990,0,457.038,7,166.333,0.015
2026-05-07T22:48:27.018433,125260,2,3998,0,458.068,8,166.758,0.015
2026-05-07T22:48:28.044522,125559,2,4007,0,459.097,9,167.183,0.015
2026-05-07T22:48:29.066911,125856,2,4018,0,460.130,11,167.650,0.015
2026-05-07T22:48:30.090423,126152,2,4028,0,461.144,10,168.076,0.015
2026-05-07T22:48:31.113649,126448,2,4039,0,462.167,11,168.543,0.015
2026-05-07T22:48:32.157587,126748,2,4047,0,463.194,8,168.883,0.015
2026-05-07T22:48:33.175432,127050,2,4058,0,464.234,10,169.393,0.015
2026-05-07T22:48:34.211250,127346,2,4067,0,465.255,9,169.818,0.015
2026-05-07T22:48:35.236150,127649,2,4074,0,466.288,7,170.243,0.015
2026-05-07T22:48:36.260858,127948,2,4084,0,467.315,10,170.668,0.015
2026-05-07T22:48:37.282146,128244,2,4094,0,468.337,10,171.178,0.015
2026-05-07T22:48:38.309286,128544,2,4102,0,469.362,8,171.603,0.015
2026-05-07T22:48:39.338132,128842,2,4112,0,470.388,10,172.112,0.015
2026-05-07T22:48:40.363988,129140,2,4122,0,471.417,10,172.579,0.015
2026-05-07T22:48:41.395394,129438,2,4131,0,472.441,9,173.003,0.015
2026-05-07T22:48:42.425553,129738,2,4141,0,473.474,10,173.427,0.015
2026-05-07T22:48:43.451278,130039,2,4149,0,474.503,8,173.766,0.015
2026-05-07T22:48:44.477408,130339,2,4156,0,475.528,6,174.190,0.015
2026-05-07T22:48:45.503751,130640,2,4164,0,476.557,8,174.615,0.015
2026-05-07T22:48:46.526213,130937,2,4174,0,477.580,10,175.039,0.015
2026-05-07T22:48:47.551077,131238,2,4180,0,478.602,6,175.464,0.015
2026-05-07T22:48:48.576969,131537,2,4189,0,479.630,9,175.888,0.015
2026-05-07T22:48:49.607862,131838,2,4196,0,480.658,7,176.228,0.015
2026-05-07T22:48:50.685281,132138,2,4205,0,481.687,8,176.696,0.015
2026-05-07T22:48:51.725823,132452,2,4214,0,482.763,9,177.163,0.015
2026-05-07T22:48:52.750109,132753,2,4225,0,483.804,11,177.630,0.015
2026-05-07T22:48:53.772778,133052,2,4233,0,484.827,7,178.012,0.015
2026-05-07T22:48:54.800158,133351,2,4242,0,485.854,9,178.395,0.015
2026-05-07T22:48:55.822125,133651,2,4250,0,486.880,8,178.777,0.015
2026-05-07T22:48:56.848830,133950,2,4258,0,487.902,8,179.160,0.015
2026-05-07T22:48:57.876714,134253,2,4263,0,488.929,5,179.543,0.015
2026-05-07T22:48:58.903570,134553,2,4271,0,489.956,8,179.926,0.015
2026-05-07T22:48:59.928585,134850,2,4281,0,490.981,10,180.352,0.015
2026-05-07T22:49:00.960023,135152,2,4288,0,492.009,7,180.692,0.015
2026-05-07T22:49:01.990424,135452,2,4296,0,493.037,8,181.119,0.015
2026-05-07T22:49:03.058973,135754,2,4304,0,494.069,8,181.587,0.015
2026-05-07T22:49:04.085308,136067,2,4311,0,495.137,7,182.013,0.015
2026-05-07T22:49:05.101351,136368,2,4319,0,496.164,8,182.397,0.015
2026-05-07T22:49:06.129435,136663,2,4328,0,497.179,9,182.824,0.015
2026-05-07T22:49:07.158733,136965,2,4335,0,498.210,7,183.250,0.015
2026-05-07T22:49:08.187610,137265,2,4343,0,499.237,8,183.634,0.015
2026-05-07T22:49:09.217452,137567,2,4351,0,500.268,8,184.103,0.015
2026-05-07T22:49:10.245900,137864,2,4362,0,501.297,10,184.572,0.015
2026-05-07T22:49:11.271654,138166,2,4368,0,502.322,6,184.913,0.015
2026-05-07T22:49:12.291215,138464,2,4378,0,503.350,10,185.340,0.015
2026-05-07T22:49:13.315979,138761,2,4386,0,504.367,8,185.809,0.015
2026-05-07T22:49:14.338721,139060,2,4396,0,505.394,10,186.236,0.015
2026-05-07T22:49:15.368359,139356,2,4406,0,506.417,10,186.662,0.015
2026-05-07T22:49:16.390478,139659,2,4413,0,507.449,7,187.089,0.015
2026-05-07T22:49:17.407627,139957,2,4421,0,508.469,8,187.515,0.015
2026-05-07T22:49:18.433901,140253,2,4430,0,509.487,9,187.942,0.015
2026-05-07T22:49:19.460908,140552,2,4439,0,510.513,9,188.369,0.015
2026-05-07T22:49:20.488367,140848,2,4451,0,511.540,12,188.924,0.015
2026-05-07T22:49:21.517990,141149,2,4459,0,512.569,8,189.307,0.015
2026-05-07T22:49:22.536318,141446,2,4470,0,513.597,10,189.776,0.015
2026-05-07T22:49:23.560980,141743,2,4478,0,514.614,7,190.160,0.015
2026-05-07T22:49:24.594965,142043,2,4487,0,515.642,9,190.629,0.015
2026-05-07T22:49:25.619627,142342,2,4496,0,516.671,9,191.098,0.015
2026-05-07T22:49:26.645136,142641,2,4506,0,517.698,10,191.609,0.015
2026-05-07T22:49:27.675429,142940,2,4514,0,518.723,8,191.993,0.015
2026-05-07T22:49:28.705938,143240,2,4524,0,519.756,10,192.419,0.015
2026-05-07T22:49:29.731567,143540,2,4532,0,520.782,8,192.760,0.015
2026-05-07T22:49:30.757351,143841,2,4539,0,521.809,7,193.186,0.015
2026-05-07T22:49:31.780071,144137,2,4551,0,522.835,11,193.697,0.015
2026-05-07T22:49:32.803923,144435,2,4560,0,523.859,9,194.165,0.015
2026-05-07T22:49:33.837853,144734,2,4568,0,524.883,8,194.634,0.015
2026-05-07T22:49:34.877783,145036,2,4577,0,525.918,9,195.059,0.015
2026-05-07T22:49:35.903879,145338,2,4586,0,526.956,9,195.443,0.015
2026-05-07T22:49:36.929692,145635,2,4596,0,527.980,10,195.868,0.015
2026-05-07T22:49:37.958957,145935,2,4604,0,529.010,8,196.209,0.015
2026-05-07T22:49:38.984668,146235,2,4613,0,530.036,9,196.635,0.015
2026-05-07T22:49:40.012212,146536,2,4621,0,531.065,8,197.147,0.015
2026-05-07T22:49:41.044989,146836,2,4629,0,532.093,8,197.487,0.015
2026-05-07T22:49:42.075214,147132,2,4640,0,533.122,10,197.999,0.015
2026-05-07T22:49:43.119731,147434,2,4649,0,534.151,9,198.382,0.015
2026-05-07T22:49:44.152066,147739,2,4657,0,535.197,8,198.851,0.015
2026-05-07T22:49:45.178732,148040,2,4666,0,536.229,9,199.235,0.015
2026-05-07T22:49:46.209593,148340,2,4675,0,537.259,9,199.661,0.015
2026-05-07T22:49:47.243190,148640,1,4684,0,538.286,9,200.045,0.015
2026-05-07T22:49:48.282739,148940,2,4693,0,539.320,9,200.514,0.015
2026-05-07T22:49:49.313341,149240,2,4705,0,540.359,12,201.025,0.015
2026-05-07T22:49:50.340298,149540,2,4714,0,541.390,9,201.452,0.015
2026-05-07T22:49:51.368487,149841,2,4722,0,542.419,8,201.835,0.015
2026-05-07T22:49:52.399003,150142,2,4729,0,543.447,7,202.262,0.015
2026-05-07T22:49:53.424669,150441,2,4739,0,544.475,10,202.731,0.015
2026-05-07T22:49:54.456468,150740,2,4748,0,545.501,9,203.115,0.015
2026-05-07T22:49:55.498573,151041,2,4757,0,546.535,8,203.542,0.015
2026-05-07T22:49:56.528821,151345,2,4766,0,547.579,9,204.011,0.015
2026-05-07T22:49:57.554515,151644,2,4774,0,548.604,8,204.395,0.015
2026-05-07T22:49:58.588859,151945,2,4782,0,549.634,8,204.865,0.015
2026-05-07T22:49:59.614491,152244,2,4792,0,550.665,10,205.291,0.015
2026-05-07T22:50:00.642754,152546,2,4800,0,551.694,8,205.718,0.015
2026-05-07T22:50:01.670628,152845,2,4808,0,552.719,8,206.102,0.015
2026-05-07T22:50:02.695035,153143,2,4818,0,553.746,10,206.529,0.015
2026-05-07T22:50:03.726683,153443,2,4827,0,554.775,9,206.914,0.015
2026-05-07T22:50:04.758922,153741,2,4837,0,555.802,10,207.341,0.015
2026-05-07T22:50:05.829090,154043,2,4847,0,556.842,10,207.769,0.015
2026-05-07T22:50:06.860094,154352,2,4858,0,557.910,10,208.281,0.015
2026-05-07T22:50:07.886651,154650,2,4868,0,558.936,9,208.708,0.015
2026-05-07T22:50:08.914618,154949,2,4877,0,559.964,9,209.178,0.015
2026-05-07T22:50:09.962382,155249,2,4886,0,560.994,9,209.563,0.015
2026-05-07T22:50:10.991617,155555,2,4894,0,562.040,7,209.948,0.015
2026-05-07T22:50:12.021753,155854,2,4905,0,563.072,11,210.461,0.015
2026-05-07T22:50:13.050252,156151,2,4916,0,564.100,11,210.973,0.015
2026-05-07T22:50:14.086470,156452,2,4923,0,565.127,7,211.400,0.015
2026-05-07T22:50:15.130753,156754,2,4932,0,566.163,8,211.826,0.015
2026-05-07T22:50:16.161432,157057,2,4943,0,567.210,10,212.338,0.015
2026-05-07T22:50:17.186885,157359,2,4950,0,568.238,7,212.722,0.015
2026-05-07T22:50:18.213867,157659,2,4957,0,569.263,7,213.106,0.015
2026-05-07T22:50:19.242333,157958,2,4966,0,570.290,8,213.533,0.015
2026-05-07T22:50:20.273297,158257,2,4975,0,571.318,9,214.002,0.015
2026-05-07T22:50:21.307726,158560,2,4983,0,572.354,7,214.429,0.015
2026-05-07T22:50:22.336642,158862,2,4991,0,573.385,7,214.856,0.015
2026-05-07T22:50:23.362044,159161,2,5001,0,574.417,10,215.283,0.015
2026-05-07T22:50:24.409084,159460,2,5010,0,575.443,9,215.752,0.015
2026-05-07T22:50:25.427185,159764,2,5020,0,576.486,10,216.222,0.015
2026-05-07T22:50:26.453749,160061,2,5027,0,577.503,7,216.648,0.015
2026-05-07T22:50:27.481008,160360,2,5036,0,578.530,9,217.075,0.015
2026-05-07T22:50:28.500827,160661,2,5045,0,579.561,9,217.502,0.015
2026-05-07T22:50:29.551072,160959,2,5051,0,580.578,6,217.844,0.015
2026-05-07T22:50:30.578549,161266,2,5059,0,581.628,6,218.313,0.015
2026-05-07T22:50:31.602987,161569,2,5066,0,582.659,6,218.698,0.015
2026-05-07T22:50:32.634176,161865,2,5077,0,583.684,10,219.168,0.015
2026-05-07T22:50:33.665893,162165,2,5086,0,584.713,9,219.552,0.015
2026-05-07T22:50:34.698713,162466,2,5095,0,585.747,9,219.979,0.015
2026-05-07T22:50:35.778409,162768,2,5105,0,586.784,8,220.407,0.015
2026-05-07T22:50:36.809950,163081,2,5114,0,587.859,8,220.834,0.015
2026-05-07T22:50:37.837488,163380,2,5123,0,588.887,9,221.261,0.015
2026-05-07T22:50:38.854172,163678,2,5133,0,589.914,10,221.732,0.015
2026-05-07T22:50:39.884082,163975,2,5142,0,590.934,8,222.159,0.015
2026-05-07T22:50:40.912255,164274,2,5152,0,591.962,9,222.629,0.015
2026-05-07T22:50:41.945323,164575,2,5159,0,592.990,6,223.014,0.015
2026-05-07T22:50:42.976190,164875,2,5169,0,594.024,9,223.441,0.015
2026-05-07T22:50:44.003392,165175,2,5178,0,595.054,9,223.911,0.015
2026-05-07T22:50:45.031874,165475,2,5187,0,596.081,9,224.296,0.015
2026-05-07T22:50:46.069205,165775,2,5196,0,597.113,9,224.723,0.015
2026-05-07T22:50:47.100416,166077,1,5205,0,598.148,9,225.151,0.015
2026-05-07T22:50:48.156715,166378,2,5212,0,599.177,7,225.621,0.015
2026-05-07T22:50:49.185250,166687,2,5222,0,600.238,9,226.048,0.015
2026-05-07T22:50:50.207463,166982,2,5233,0,601.265,10,226.519,0.015
2026-05-07T22:50:51.226502,167277,2,5245,0,602.284,11,227.031,0.015
2026-05-07T22:50:52.266800,167575,2,5254,0,603.306,9,227.458,0.015
2026-05-07T22:50:53.306265,167879,2,5261,0,604.344,7,227.843,0.015
2026-05-07T22:50:54.326084,168182,2,5271,0,605.387,10,228.270,0.015
2026-05-07T22:50:55.343906,168477,2,5281,0,606.403,9,228.782,0.015
2026-05-07T22:50:56.375635,168773,2,5291,0,607.423,10,229.209,0.015
2026-05-07T22:50:57.404068,169074,2,5299,0,608.454,8,229.636,0.015
2026-05-07T22:50:58.432007,169370,2,5311,0,609.481,12,230.148,0.015
2026-05-07T22:50:59.458974,169668,2,5321,0,610.507,10,230.617,0.015
2026-05-07T22:51:00.549545,169969,2,5330,0,611.538,9,231.044,0.015
2026-05-07T22:51:01.639895,170285,2,5341,0,612.628,10,231.513,0.015
2026-05-07T22:51:02.694660,170604,2,5348,0,613.716,6,231.939,0.015
2026-05-07T22:51:03.712169,170912,2,5356,0,614.770,8,232.365,0.015
2026-05-07T22:51:04.760842,171209,2,5365,0,615.788,9,232.834,0.015
2026-05-07T22:51:05.789655,171514,2,5374,0,616.836,9,233.260,0.015
2026-05-07T22:51:06.890528,171814,2,5385,0,617.869,9,233.729,0.015
2026-05-07T22:51:07.916471,172133,2,5394,0,618.969,9,234.113,0.015
2026-05-07T22:52:14.802086,172308,2,5396,0,620.045,0,234.240,0.015
2026-05-07T22:52:15.902605,172654,2,5398,0,621.587,2,234.326,0.015
2026-05-07T22:52:16.965605,173235,2,5412,0,622.697,13,234.971,0.015
2026-05-07T22:52:18.007663,173542,2,5421,0,623.754,9,235.399,0.015
2026-05-07T22:52:19.118753,173829,2,5430,0,624.793,9,235.828,0.015
2026-05-07T22:52:20.145384,174167,2,5441,0,625.903,9,236.385,0.015
2026-05-07T22:52:21.249265,174463,2,5453,0,626.935,11,236.899,0.015
2026-05-07T22:52:22.278797,174785,2,5462,0,628.032,9,237.327,0.015
2026-05-07T22:52:23.336593,175085,2,5471,0,629.062,8,237.798,0.015
2026-05-07T22:52:24.373099,175392,2,5481,0,630.119,10,238.227,0.015
2026-05-07T22:52:25.406959,175695,2,5491,0,631.161,10,238.655,0.015
2026-05-07T22:52:26.454592,175996,2,5499,0,632.194,7,239.083,0.015
2026-05-07T22:52:27.516571,176301,2,5507,0,633.236,8,239.469,0.015
2026-05-07T22:52:28.544131,176611,2,5516,0,634.300,8,239.940,0.015
2026-05-07T22:52:29.574738,176913,2,5523,0,635.329,7,240.369,0.015
2026-05-07T22:52:30.610229,177214,2,5531,0,636.357,8,240.711,0.015
2026-05-07T22:52:31.636795,177515,2,5540,0,637.393,9,241.140,0.015
2026-05-07T22:52:32.669884,177796,2,5548,0,638.420,8,241.526,0.015
2026-05-07T22:52:33.734947,178117,2,5556,0,639.453,8,241.913,0.015
2026-05-07T22:52:34.769773,178431,2,5563,0,705.813,3,242.330,0.015
2026-05-07T22:52:35.819060,178730,2,5574,0,706.846,10,242.918,0.015
2026-05-07T22:52:36.865067,179034,2,5585,0,707.898,10,243.505,0.015
2026-05-07T22:52:37.912175,179339,2,5594,0,708.945,9,244.038,0.015
2026-05-07T22:52:38.943308,179644,2,5603,0,709.992,8,244.571,0.015
2026-05-07T22:52:40.005055,179945,2,5611,0,711.021,8,245.050,0.015
2026-05-07T22:52:41.072862,180254,2,5621,0,712.084,8,245.582,0.015
2026-05-07T22:52:42.111043,180561,2,5633,0,713.149,11,246.220,0.015
2026-05-07T22:52:43.191428,180864,2,5642,0,714.187,8,246.857,0.015
2026-05-07T22:52:44.222155,181179,2,5650,0,715.267,7,247.441,0.015
2026-05-07T22:52:45.299388,181480,2,5659,0,716.298,9,248.077,0.015
2026-05-07T22:52:46.324100,181788,2,5667,0,717.379,8,248.606,0.015
2026-05-07T22:52:47.413871,182093,2,5677,0,718.402,10,249.136,0.015
2026-05-07T22:52:48.438296,182408,2,5688,0,719.489,9,249.770,0.015
2026-05-07T22:52:49.537115,182705,2,5699,0,720.515,11,250.404,0.015
2026-05-07T22:52:50.556904,183024,2,5709,0,721.613,9,250.985,0.015
2026-05-07T22:52:51.582187,183323,2,5717,0,722.633,8,251.460,0.015
2026-05-07T22:52:52.650158,183620,2,5726,0,723.657,9,251.934,0.015
2026-05-07T22:52:53.732478,183934,2,5733,0,724.726,7,252.409,0.015
2026-05-07T22:52:54.778012,184248,2,5745,0,725.810,11,253.040,0.015
2026-05-07T22:52:55.857565,184553,2,5753,0,726.853,8,253.567,0.015
2026-05-07T22:52:56.941432,184866,1,5765,0,727.939,11,254.145,0.015
2026-05-07T22:52:57.969464,185180,2,5775,0,729.019,9,254.723,0.015
2026-05-07T22:52:59.009197,185478,2,5785,0,730.046,10,255.249,0.015
2026-05-07T22:53:00.042677,185783,2,5792,0,731.087,7,255.721,0.015
2026-05-07T22:53:01.084072,186083,2,5802,0,732.119,9,256.246,0.015
2026-05-07T22:53:02.261754,186376,2,5810,0,733.171,7,256.718,0.015
2026-05-07T22:53:03.330799,186733,2,5818,0,734.339,7,257.295,0.015
2026-05-07T22:53:04.503568,187045,2,5829,0,735.412,10,257.924,0.015
2026-05-07T22:53:05.613141,187384,2,5841,0,736.580,10,258.552,0.015
2026-05-07T22:53:06.638634,187707,2,5849,0,737.686,8,259.023,0.015
2026-05-07T22:53:07.801910,187991,2,5858,0,738.728,8,259.547,0.015
2026-05-07T22:53:08.851519,188346,2,5868,0,739.877,8,260.070,0.015
2026-05-07T22:53:09.905948,188649,2,5878,0,740.923,9,260.697,0.015
2026-05-07T22:53:10.933712,188958,2,5886,0,741.980,8,261.167,0.015
2026-05-07T22:53:11.987806,189255,2,5896,0,743.020,9,261.741,0.015
2026-05-07T22:53:13.025722,189566,2,5904,0,744.064,8,262.211,0.015
2026-05-07T22:53:14.056951,189866,2,5914,0,745.099,9,262.785,0.015
2026-05-07T22:53:15.164577,190169,2,5921,0,746.130,6,263.254,0.015
2026-05-07T22:53:16.192220,190493,2,5930,0,747.241,9,263.827,0.015
2026-05-07T22:53:17.245360,190791,2,5939,0,748.264,9,264.347,0.015
2026-05-07T22:53:18.279157,191097,2,5949,0,749.319,8,264.920,0.015
2026-05-07T22:53:19.333227,191396,2,5957,0,750.351,8,265.388,0.015
2026-05-07T22:53:20.384533,191706,2,5967,0,751.410,8,265.959,0.015
2026-05-07T22:53:21.413589,192015,2,5974,0,752.461,7,266.427,0.015
2026-05-07T22:53:22.526106,192311,1,5986,0,753.487,11,266.998,0.015
2026-05-07T22:53:23.562585,192636,2,5995,0,754.603,9,267.568,0.015
2026-05-07T22:53:24.659666,192923,2,6003,0,755.637,8,267.983,0.015
2026-05-07T22:53:25.676862,193257,2,6013,0,756.732,9,268.554,0.015
2026-05-07T22:53:26.710011,193554,2,6022,0,757.752,9,269.020,0.015
2026-05-07T22:53:27.798990,193855,2,6032,0,758.786,10,269.539,0.015
2026-05-07T22:53:28.835505,194172,2,6040,0,759.871,8,269.953,0.015
2026-05-07T22:53:29.865620,194473,2,6050,0,760.909,10,270.471,0.015
2026-05-07T22:53:30.892692,194774,2,6059,0,761.942,9,270.938,0.015
2026-05-07T22:53:31.933545,195071,2,6069,0,762.966,9,271.456,0.015
2026-05-07T22:53:33.033470,195377,2,6076,0,764.010,7,271.921,0.015
2026-05-07T22:53:34.167317,195697,2,6087,0,765.111,10,272.491,0.015
2026-05-07T22:53:35.243157,196026,2,6098,0,766.246,10,273.059,0.015
2026-05-07T22:53:36.274718,196335,2,6110,0,767.317,10,273.679,0.015
2026-05-07T22:53:37.352726,196638,2,6118,0,768.351,8,274.144,0.015
2026-05-07T22:53:38.382932,196950,2,6128,0,769.425,9,274.660,0.015
2026-05-07T22:53:39.421865,197249,2,6137,0,770.469,9,275.125,0.015
2026-05-07T22:53:40.527636,197552,2,6147,0,771.497,10,275.641,0.015
2026-05-07T22:53:41.551600,197876,2,6156,0,772.604,9,276.156,0.015
2026-05-07T22:53:42.596287,198177,2,6162,0,773.628,6,276.621,0.015
2026-05-07T22:53:43.644448,198481,2,6171,0,774.674,8,277.136,0.015
2026-05-07T22:53:44.668291,198786,2,6180,0,775.717,9,277.651,0.015
2026-05-07T22:53:45.738602,199084,2,6190,0,776.744,10,278.166,0.015
2026-05-07T22:53:46.767149,199396,2,6198,0,777.816,7,278.630,0.015
2026-05-07T22:53:47.798954,199695,2,6207,0,778.841,9,279.196,0.015
2026-05-07T22:53:48.829267,199994,2,6219,0,779.875,12,279.813,0.015
2026-05-07T22:53:49.859941,200293,2,6229,0,780.905,10,280.327,0.015
2026-05-07T22:53:50.909113,200593,2,6237,0,781.934,8,280.789,0.015
2026-05-07T22:53:51.940782,200900,2,6245,0,782.984,7,281.200,0.015
2026-05-07T22:53:52.974040,201201,2,6254,0,784.016,9,281.867,0.015
2026-05-07T22:53:54.004919,201504,2,6260,0,785.048,6,282.277,0.015
2026-05-07T22:53:55.040517,201808,2,6268,0,786.084,8,282.790,0.015
2026-05-07T22:53:56.097373,202102,2,6281,0,787.114,13,283.456,0.015
2026-05-07T22:53:57.129988,202410,2,6291,0,788.170,10,283.968,0.015
2026-05-07T22:53:58.158968,202711,2,6300,0,789.203,9,284.531,0.015
2026-05-07T22:53:59.334038,202996,2,6308,0,790.232,8,284.991,0.015
2026-05-07T22:54:00.392186,203356,2,6318,0,791.412,8,285.656,0.015
2026-05-07T22:54:01.459480,203662,2,6328,0,792.466,9,286.218,0.015
2026-05-07T22:54:02.513610,203972,2,6338,0,793.535,9,286.728,0.015
2026-05-07T22:54:03.587266,204278,2,6348,0,794.586,9,287.289,0.015
2026-05-07T22:54:04.603843,204589,2,6359,0,795.663,10,287.850,0.015
2026-05-07T22:54:05.697739,204888,2,6366,0,796.684,6,288.309,0.015
2026-05-07T22:54:06.807476,205207,2,6376,0,797.778,8,288.869,0.015
2026-05-07T22:54:07.860274,205528,2,6386,0,798.884,10,289.430,0.015
2026-05-07T22:54:08.988638,205836,2,6396,0,799.941,9,289.939,0.015
2026-05-07T22:54:10.055187,206162,2,6408,0,801.068,10,290.600,0.015
2026-05-07T22:54:11.088248,206471,2,6418,0,802.134,10,291.109,0.015
2026-05-07T22:54:12.108136,206772,2,6427,0,803.164,9,291.617,0.015
2026-05-07T22:54:13.144896,207072,2,6434,0,804.188,7,292.075,0.015
2026-05-07T22:54:14.174631,207369,2,6446,0,805.221,12,292.684,0.015
2026-05-07T22:54:15.246574,207672,2,6454,0,806.255,8,293.090,0.015
2026-05-07T22:54:16.273856,207982,2,6464,0,807.323,8,293.598,0.015
2026-05-07T22:54:17.292874,208281,2,6473,0,808.349,8,294.156,0.015
2026-05-07T22:54:18.334794,208579,2,6481,0,809.371,8,294.562,0.015
2026-05-07T22:54:19.376509,208884,2,6490,0,810.415,8,295.069,0.015
2026-05-07T22:54:20.430508,209188,2,6498,0,811.455,8,295.525,0.015
2026-05-07T22:54:21.461980,209497,2,6504,0,812.506,6,295.982,0.015
2026-05-07T22:54:22.487138,209798,2,6512,0,813.537,8,296.438,0.015
2026-05-07T22:54:23.516337,210097,2,6521,0,814.563,9,296.945,0.015
2026-05-07T22:54:24.548946,210399,2,6528,0,815.597,7,297.401,0.015
2026-05-07T22:54:25.574091,210699,2,6538,0,816.626,10,298.009,0.015
2026-05-07T22:54:26.595875,210998,2,6547,0,817.653,9,298.616,0.015
2026-05-07T22:54:27.633109,211299,2,6554,0,818.677,7,299.071,0.015
2026-05-07T22:54:28.671032,211597,2,6565,0,819.709,11,299.628,0.015
2026-05-07T22:54:29.709433,211897,2,6577,0,820.749,12,300.234,0.015
2026-05-07T22:54:30.727653,212198,2,6587,0,821.785,10,300.739,0.015
2026-05-07T22:54:31.758197,212494,2,6597,0,822.804,10,301.293,0.015
2026-05-07T22:54:32.792768,212793,2,6608,0,823.838,11,301.848,0.015
2026-05-07T22:54:33.826954,213094,2,6617,0,824.872,9,302.351,0.015
2026-05-07T22:54:34.856705,213393,2,6628,0,825.906,10,302.905,0.015
2026-05-07T22:54:35.890846,213694,2,6635,0,826.933,7,303.358,0.015
2026-05-07T22:54:36.927286,213998,2,6641,0,827.967,6,303.811,0.015
2026-05-07T22:54:37.974310,214303,2,6648,0,829.006,6,304.314,0.015
2026-05-07T22:54:39.008301,214608,2,6656,0,830.050,8,304.767,0.015
2026-05-07T22:54:40.041983,214910,2,6666,0,831.088,8,305.270,0.015
2026-05-07T22:54:41.074621,215209,2,6675,0,832.117,9,305.772,0.015
2026-05-07T22:54:42.105835,215512,2,6683,0,833.151,8,306.225,0.015
2026-05-07T22:54:43.136405,215812,2,6692,0,834.182,8,306.727,0.015
2026-05-07T22:54:44.173442,216111,2,6702,0,835.213,9,307.280,0.015
2026-05-07T22:54:45.206812,216413,1,6712,0,836.251,9,307.832,0.015
2026-05-07T22:54:46.245540,216713,2,6722,0,837.285,10,308.384,0.015
2026-05-07T22:54:47.326868,217016,2,6731,0,838.325,8,308.885,0.015
2026-05-07T22:54:48.437669,217331,2,6741,0,839.408,9,309.387,0.015
2026-05-07T22:54:49.475239,217648,2,6753,0,840.518,11,309.988,0.015
2026-05-07T22:54:50.512872,217953,2,6762,0,841.553,9,310.489,0.015
2026-05-07T22:54:51.554661,218258,2,6769,0,842.593,7,310.940,0.015
2026-05-07T22:54:52.713206,218562,2,6777,0,843.633,7,311.440,0.015
2026-05-07T22:54:53.779630,218901,2,6786,0,844.793,8,311.991,0.015
2026-05-07T22:54:54.812029,219212,2,6795,0,845.857,9,312.441,0.015
2026-05-07T22:54:55.850082,219513,1,6804,0,846.888,9,312.941,0.015
2026-05-07T22:54:56.921650,219818,2,6811,0,847.931,7,313.441,0.015
2026-05-07T22:54:57.946404,220128,2,6821,0,848.998,10,313.991,0.015
2026-05-07T22:54:58.981725,220428,2,6828,0,850.023,7,314.391,0.015
2026-05-07T22:55:00.017128,220729,2,6839,0,851.061,10,314.940,0.015
2026-05-07T22:55:01.058892,221030,2,6848,0,852.095,9,315.440,0.015
2026-05-07T22:55:02.103196,221332,2,6858,0,853.137,10,315.989,0.015
2026-05-07T22:55:03.139582,221635,2,6869,0,854.182,10,316.587,0.015
2026-05-07T22:55:04.176882,221935,2,6879,0,855.217,10,317.135,0.015
2026-05-07T22:55:05.229619,222238,2,6888,0,856.256,8,317.584,0.015
2026-05-07T22:55:06.272877,222544,2,6897,0,857.306,9,318.132,0.015
2026-05-07T22:55:07.307523,222849,2,6906,0,858.351,9,318.630,0.015
2026-05-07T22:55:08.346320,223151,2,6914,0,859.386,8,319.028,0.015
2026-05-07T22:55:09.380064,223453,2,6923,0,860.423,9,319.575,0.015
2026-05-07T22:55:10.414798,223754,2,6933,0,861.459,9,320.172,0.015
2026-05-07T22:55:11.448379,224055,2,6941,0,862.490,8,320.669,0.015
2026-05-07T22:55:12.479818,224357,2,6949,0,863.523,8,321.117,0.015
2026-05-07T22:55:13.512419,224658,2,6959,0,864.560,10,321.614,0.015
2026-05-07T22:55:14.553775,224953,2,6969,0,865.588,9,322.160,0.015
2026-05-07T22:55:15.585850,225260,2,6979,0,866.631,10,322.706,0.015
2026-05-07T22:55:16.614817,225559,2,6989,0,867.663,10,323.202,0.015
2026-05-07T22:55:17.665268,225860,2,6997,0,868.693,8,323.648,0.015
2026-05-07T22:55:18.699931,226170,2,7002,0,869.744,5,324.095,0.015
2026-05-07T22:55:19.734513,226470,2,7012,0,870.776,9,324.641,0.015
2026-05-07T22:55:20.767107,226772,2,7020,0,871.810,8,325.186,0.015
2026-05-07T22:55:21.807057,227073,2,7029,0,872.843,9,325.632,0.015
2026-05-07T22:55:22.851855,227378,2,7036,0,873.882,7,326.029,0.015
2026-05-07T22:55:23.895363,227683,2,7045,0,874.928,8,326.525,0.015
2026-05-07T22:55:24.935114,227986,2,7055,0,875.974,9,327.070,0.015
2026-05-07T22:55:25.982213,228289,2,7065,0,877.014,10,327.565,0.015
2026-05-07T22:55:27.015614,228594,2,7074,0,878.061,8,328.011,0.015
2026-05-07T22:55:28.064455,228891,2,7086,0,879.091,10,328.655,0.015
2026-05-07T22:55:29.197858,229198,2,7095,0,880.146,9,329.100,0.015
2026-05-07T22:55:30.257671,229528,2,7104,0,881.277,8,329.644,0.015
2026-05-07T22:55:31.288187,229839,2,7111,0,882.333,7,330.139,0.015
2026-05-07T22:55:32.322273,230139,2,7120,0,883.364,9,330.584,0.015
2026-05-07T22:55:33.362035,230438,2,7131,0,884.398,11,331.177,0.015
2026-05-07T22:55:34.428462,230744,2,7137,0,885.438,6,331.523,0.015
2026-05-07T22:55:35.476620,231052,2,7150,0,886.509,11,332.166,0.015
2026-05-07T22:55:36.524706,231356,2,7159,0,887.552,9,332.758,0.015
2026-05-07T22:55:37.559099,231663,2,7168,0,888.604,8,333.202,0.015
2026-05-07T22:55:38.603974,231963,2,7178,0,889.639,9,333.695,0.015
2026-05-07T22:55:39.644519,232264,2,7189,0,890.680,11,334.336,0.015
2026-05-07T22:55:40.680562,232567,2,7199,0,891.721,10,334.828,0.015
2026-05-07T22:55:41.716346,232869,2,7208,0,892.759,9,335.271,0.015
2026-05-07T22:55:42.754087,233170,1,7218,0,893.791,10,335.714,0.015
2026-05-07T22:55:43.821410,233474,2,7224,0,894.829,6,336.207,0.015
2026-05-07T22:55:44.862703,233786,2,7234,0,895.901,9,336.748,0.015
2026-05-07T22:55:45.895767,234087,2,7244,0,896.938,10,337.289,0.015
2026-05-07T22:55:46.937750,234389,2,7252,0,897.971,7,337.732,0.015
2026-05-07T22:55:48.013014,234693,2,7262,0,899.017,9,338.272,0.015
2026-05-07T22:55:49.041195,235007,2,7269,0,900.090,7,338.715,0.015
2026-05-07T22:55:50.073667,235307,2,7277,0,901.116,8,339.206,0.015
2026-05-07T22:55:51.105511,235608,2,7286,0,902.149,9,339.648,0.015
2026-05-07T22:55:52.139258,235908,2,7296,0,903.183,10,340.139,0.015
2026-05-07T22:55:53.178361,236209,2,7306,0,904.220,9,340.630,0.015
2026-05-07T22:55:54.241995,236508,2,7318,0,905.254,11,341.317,0.015
2026-05-07T22:55:55.293148,236816,2,7328,0,906.317,10,341.856,0.015
2026-05-07T22:55:56.339601,237124,2,7337,0,907.372,9,342.297,0.015
2026-05-07T22:55:57.496484,237429,2,7345,0,908.416,7,342.836,0.015
2026-05-07T22:55:58.537884,237767,2,7355,0,909.574,9,343.374,0.015
2026-05-07T22:55:59.584454,238069,2,7364,0,910.613,8,343.863,0.015
2026-05-07T22:56:00.640581,238374,2,7374,0,911.662,10,344.353,0.015
2026-05-07T22:56:01.676695,238683,2,7383,0,912.721,9,344.793,0.015
2026-05-07T22:56:02.715134,238981,2,7393,0,913.757,10,345.282,0.015
2026-05-07T22:56:03.751204,239288,2,7400,0,914.795,7,345.722,0.015
2026-05-07T22:56:04.788456,239590,2,7409,0,915.830,8,346.162,0.015
2026-05-07T22:56:05.829016,239890,2,7419,0,916.865,10,346.700,0.015
2026-05-07T22:56:06.889464,240192,2,7429,0,917.906,9,347.189,0.015
2026-05-07T22:56:07.938751,240501,2,7438,0,918.967,9,347.629,0.015
2026-05-07T22:56:08.979214,240811,2,7444,0,920.018,6,348.069,0.015
2026-05-07T22:56:10.024327,241115,2,7451,0,921.057,7,348.557,0.015
2026-05-07T22:56:11.060732,241421,2,7459,0,922.104,7,348.997,0.015
2026-05-07T22:56:12.098597,241722,2,7468,0,923.137,9,349.437,0.015
2026-05-07T22:56:13.150912,242024,2,7476,0,924.183,8,349.877,0.015
2026-05-07T22:56:14.193445,242334,1,7485,0,925.228,9,350.317,0.015
2026-05-07T22:56:15.251414,242638,2,7492,0,926.270,7,350.805,0.015
2026-05-07T22:56:16.319349,242943,2,7505,0,927.328,13,351.440,0.015
2026-05-07T22:56:17.366405,243256,2,7512,0,928.396,7,351.929,0.015
2026-05-07T22:56:18.404425,243558,2,7525,0,929.444,13,352.563,0.015
2026-05-07T22:56:19.434787,243862,2,7532,0,930.481,7,353.002,0.015
2026-05-07T22:56:20.482865,244161,2,7542,0,931.510,9,353.489,0.015
2026-05-07T22:56:21.533150,244467,2,7551,0,932.564,8,354.026,0.015
2026-05-07T22:56:22.622261,244773,2,7560,0,933.610,9,354.464,0.015
2026-05-07T22:56:23.771197,245090,2,7570,0,934.702,9,354.951,0.015
2026-05-07T22:56:24.846591,245425,1,7581,0,935.851,10,355.487,0.015
2026-05-07T22:56:25.877023,245735,2,7591,0,936.923,10,356.022,0.015
2026-05-07T22:56:26.952453,246034,2,7601,0,937.952,10,356.558,0.015
2026-05-07T22:56:27.990763,246348,2,7610,0,939.029,8,357.044,0.015
2026-05-07T22:56:29.109054,246652,2,7618,0,940.069,8,357.530,0.015
2026-05-07T22:56:30.148709,246978,2,7627,0,941.187,8,358.064,0.015
2026-05-07T22:56:31.207720,247279,2,7638,0,942.225,11,358.647,0.015
2026-05-07T22:56:32.315528,247587,2,7649,0,943.287,11,359.181,0.015
2026-05-07T22:56:33.426304,247912,2,7656,0,944.396,6,359.618,0.015
2026-05-07T22:56:34.460356,248236,2,7666,0,945.506,9,360.103,0.015
2026-05-07T22:56:35.545373,248534,2,7676,0,946.537,10,360.588,0.015
2026-05-07T22:56:36.589728,248851,2,7685,0,947.622,8,361.169,0.015
2026-05-07T22:56:37.634282,249157,2,7693,0,948.668,7,361.654,0.015
2026-05-07T22:56:38.781702,249461,2,7704,0,949.717,11,362.284,0.015
2026-05-07T22:56:39.821419,249794,2,7714,0,950.862,10,362.816,0.015
2026-05-07T22:56:40.884746,250096,2,7723,0,951.899,9,363.252,0.015
2026-05-07T22:56:41.925488,250405,2,7734,0,952.964,10,363.784,0.015
2026-05-07T22:56:42.966496,250708,2,7743,0,954.006,8,364.316,0.015
2026-05-07T22:56:44.006472,251010,2,7752,0,955.042,8,364.799,0.015
2026-05-07T22:56:45.112849,251314,2,7760,0,956.084,8,365.234,0.015
2026-05-07T22:56:46.154623,251638,2,7768,0,957.189,8,365.766,0.015
2026-05-07T22:56:47.325897,251944,2,7776,0,958.235,8,366.249,0.015
2026-05-07T22:56:48.425338,252285,2,7786,0,959.405,9,366.780,0.015
2026-05-07T22:56:49.456504,252603,2,7797,0,960.500,9,367.311,0.015
2026-05-07T22:56:50.506043,252904,2,7805,0,961.533,7,367.794,0.015
2026-05-07T22:56:51.547333,253210,2,7814,0,962.582,9,368.324,0.015
2026-05-07T22:56:52.577493,253510,2,7826,0,963.622,11,368.903,0.015
2026-05-07T22:56:53.645019,253814,2,7833,0,964.658,7,369.337,0.015
2026-05-07T22:56:54.682174,254126,2,7841,0,965.724,7,369.771,0.015
2026-05-07T22:56:55.726946,254427,2,7850,0,966.757,8,370.204,0.015
2026-05-07T22:56:56.784714,254732,2,7858,0,967.802,8,370.686,0.015
2026-05-07T22:56:57.828386,255042,2,7866,0,968.862,7,371.120,0.015
2026-05-07T22:56:58.889140,255345,2,7875,0,969.903,9,371.554,0.015
2026-05-07T22:56:59.941421,255656,2,7884,0,970.968,9,372.084,0.015
2026-05-07T22:57:00.993702,255962,2,7893,0,972.019,9,372.518,0.015
2026-05-07T22:57:02.036037,256267,2,7903,0,973.068,10,373.000,0.015
2026-05-07T22:57:03.085295,256573,2,7910,0,974.111,7,373.433,0.015
2026-05-07T22:57:04.127209,256878,2,7921,0,975.164,10,374.011,0.015
2026-05-07T22:57:05.193094,257182,2,7928,0,976.202,7,374.445,0.015
2026-05-07T22:57:06.227680,257495,2,7934,0,977.270,6,374.926,0.015
2026-05-07T22:57:07.275374,257796,2,7944,0,978.302,10,375.456,0.015
2026-05-07T22:57:08.317917,258101,2,7953,0,979.349,8,375.986,0.015
2026-05-07T22:57:09.356062,258405,2,7962,0,980.392,9,376.419,0.015
2026-05-07T22:57:10.463274,258706,2,7972,0,981.430,10,376.900,0.015
2026-05-07T22:57:11.581868,259031,2,7982,0,982.543,10,377.381,0.015
2026-05-07T22:57:12.674459,259356,2,7992,0,983.661,8,377.862,0.015
2026-05-07T22:57:13.708518,259671,2,8003,0,984.749,10,378.439,0.015
2026-05-07T22:57:14.761923,259975,2,8012,0,985.789,9,378.872,0.015
2026-05-07T22:57:15.796498,260278,2,8023,0,986.836,11,379.401,0.015
2026-05-07T22:57:16.829264,260580,2,8032,0,987.874,9,379.833,0.015
2026-05-07T22:57:17.953857,260880,2,8042,0,988.905,8,380.313,0.015
2026-05-07T22:57:18.989197,261205,2,8053,0,990.029,9,380.890,0.015
2026-05-07T22:57:20.026724,261507,2,8062,0,991.065,9,381.418,0.015
2026-05-07T22:57:21.056498,261812,2,8069,0,992.103,7,381.802,0.015
2026-05-07T22:57:22.098720,262110,2,8080,0,993.135,10,382.377,0.015
2026-05-07T22:57:23.147448,262415,2,8088,0,994.177,8,382.761,0.015
2026-05-07T22:57:24.190247,262717,2,8099,0,995.221,10,383.288,0.015
2026-05-07T22:57:25.232584,263020,2,8109,0,996.265,10,383.768,0.015
2026-05-07T22:57:26.271335,263323,2,8120,0,997.311,10,384.295,0.015
2026-05-07T22:57:27.311957,263626,2,8128,0,998.347,7,384.726,0.015
2026-05-07T22:57:28.377980,263931,2,8135,0,999.386,6,385.205,0.015
2026-05-07T22:57:29.419545,264243,2,8144,0,1000.456,9,385.732,0.015
2026-05-07T22:57:30.453704,264547,2,8152,0,1001.496,8,386.115,0.015
2026-05-07T22:57:31.490909,264846,2,8163,0,1002.528,11,386.642,0.015
2026-05-07T22:57:32.555406,265147,2,8173,0,1003.569,9,387.169,0.015
2026-05-07T22:57:33.595622,265458,2,8182,0,1004.634,9,387.695,0.015
2026-05-07T22:57:34.687805,265746,2,8190,0,1005.672,8,388.126,0.015
2026-05-07T22:57:35.720513,266078,2,8200,0,1006.762,9,388.652,0.015
2026-05-07T22:57:36.791026,266381,2,8208,0,1007.799,7,389.178,0.015
2026-05-07T22:57:37.873555,266696,2,8215,0,1008.872,7,389.657,0.015
2026-05-07T22:57:38.910956,267007,2,8227,0,1009.948,11,390.230,0.015
2026-05-07T22:57:39.945575,267307,2,8238,0,1010.985,10,390.756,0.015
2026-05-07T22:57:40.992999,267608,2,8248,0,1012.021,10,391.233,0.015
2026-05-07T22:57:42.033515,267914,2,8256,0,1013.068,8,391.615,0.015
2026-05-07T22:57:43.142859,268220,2,8265,0,1014.115,9,392.141,0.015
2026-05-07T22:57:44.184658,268542,2,8274,0,1015.220,8,392.570,0.015
2026-05-07T22:57:45.276316,268844,2,8283,0,1016.260,9,393.096,0.015
2026-05-07T22:57:46.339290,269164,2,8293,0,1017.358,9,393.621,0.015
2026-05-07T22:57:47.400924,269470,2,8304,0,1018.414,10,394.146,0.015
2026-05-07T22:57:48.472303,269780,2,8314,0,1019.479,8,394.623,0.015
2026-05-07T22:57:49.505319,270092,2,8322,0,1020.546,8,395.052,0.015
2026-05-07T22:57:50.584491,270394,2,8331,0,1021.594,8,395.529,0.015
2026-05-07T22:57:51.608870,270706,2,8341,0,1022.658,9,396.054,0.015
2026-05-07T22:57:52.642104,271007,2,8348,0,1023.683,7,396.483,0.015
2026-05-07T22:57:53.676115,271307,2,8358,0,1024.716,9,397.008,0.015
2026-05-07T22:57:54.890097,271572,2,8368,0,1025.766,9,397.485,0.015
2026-05-07T22:57:55.980833,271963,2,8378,0,1026.971,8,398.057,0.015
2026-05-07T22:57:57.015053,272280,2,8387,0,1028.059,8,398.581,0.015
2026-05-07T22:57:58.070828,272584,2,8394,0,1029.093,6,399.010,0.015
2026-05-07T22:57:59.120623,272891,2,8402,0,1030.147,7,399.439,0.015
2026-05-07T22:58:00.221434,273198,2,8411,0,1031.196,9,399.915,0.015
2026-05-07T22:58:01.261610,273516,2,8423,0,1032.297,11,400.487,0.015
2026-05-07T22:58:02.345908,273817,2,8433,0,1033.335,9,401.011,0.015
2026-05-07T22:58:03.384856,274134,2,8442,0,1034.421,8,401.582,0.015
2026-05-07T22:58:04.427112,274436,2,8451,0,1035.459,9,402.058,0.015
2026-05-07T22:58:05.515775,274740,2,8461,0,1036.505,10,402.628,0.015
2026-05-07T22:58:06.561359,275054,2,8473,0,1037.591,11,403.198,0.015
2026-05-07T22:58:07.741621,275359,2,8481,0,1038.638,7,403.673,0.015
2026-05-07T22:58:08.801275,275705,2,8490,0,1039.819,8,404.101,0.015
2026-05-07T22:58:09.961145,276014,2,8500,0,1040.880,9,404.623,0.015
2026-05-07T22:58:11.019988,276353,2,8509,0,1042.043,7,405.098,0.015
2026-05-07T22:58:12.088057,276661,2,8517,0,1043.095,7,405.668,0.015
2026-05-07T22:58:13.207067,276976,2,8524,0,1044.168,7,406.095,0.015
2026-05-07T22:58:14.259070,277301,2,8534,0,1045.283,8,406.617,0.015
2026-05-07T22:58:15.338874,277608,2,8542,0,1046.336,8,407.044,0.015
2026-05-07T22:58:16.411487,277923,2,8552,0,1047.419,10,407.519,0.015
2026-05-07T22:58:17.466420,278232,2,8563,0,1048.486,10,408.041,0.015
2026-05-07T22:58:18.525811,278542,2,8571,0,1049.544,7,408.515,0.015
2026-05-07T22:58:19.610400,278852,2,8579,0,1050.603,7,408.942,0.015
2026-05-07T22:58:20.667101,279168,2,8587,0,1051.686,8,409.464,0.015
2026-05-07T22:58:21.712770,279476,2,8596,0,1052.742,8,409.938,0.015
2026-05-07T22:58:22.764009,279781,2,8605,0,1053.789,8,410.507,0.015
2026-05-07T22:58:23.800693,280087,2,8614,0,1054.839,9,410.933,0.015
2026-05-07T22:58:24.828451,280391,2,8621,0,1055.876,7,411.313,0.015
2026-05-07T22:58:25.861807,280689,2,8632,0,1056.905,11,411.834,0.015
2026-05-07T22:58:26.910483,280990,2,8641,0,1057.936,9,412.308,0.015
2026-05-07T22:58:27.963603,281295,2,8651,0,1058.987,10,412.876,0.015
2026-05-07T22:58:29.006289,281602,2,8660,0,1060.043,9,413.303,0.015
2026-05-07T22:58:30.045735,281906,2,8669,0,1061.086,8,413.871,0.015
2026-05-07T22:58:31.067446,282208,2,8678,0,1062.121,9,414.297,0.015
2026-05-07T22:58:32.108581,282507,2,8687,0,1063.147,9,414.723,0.015
2026-05-07T22:58:33.159272,282812,2,8694,0,1064.188,7,415.102,0.015
2026-05-07T22:58:34.219199,283118,2,8703,0,1065.239,9,415.576,0.015
2026-05-07T22:58:35.272572,283425,2,8713,0,1066.297,10,416.049,0.015
2026-05-07T22:58:36.389933,283731,2,8722,0,1067.359,9,416.523,0.015
2026-05-07T22:58:37.473064,284058,2,8731,0,1068.467,7,417.044,0.015
2026-05-07T22:58:38.512481,284374,2,8740,0,1069.550,9,417.470,0.015
2026-05-07T22:58:39.553752,284677,2,8750,0,1070.592,10,417.943,0.015
2026-05-07T22:58:40.593766,284981,2,8758,0,1071.633,8,418.369,0.015
2026-05-07T22:58:41.662382,285283,2,8768,0,1072.672,10,418.842,0.015
2026-05-07T22:58:42.700097,285595,2,8777,0,1073.743,8,419.268,0.015
2026-05-07T22:58:43.751691,285898,2,8785,0,1074.780,8,419.695,0.015
2026-05-07T22:58:44.813619,286204,2,8794,0,1075.827,9,420.168,0.015
2026-05-07T22:58:45.848210,286514,2,8804,0,1076.894,9,420.689,0.015
2026-05-07T22:58:46.889160,286814,2,8813,0,1077.926,8,421.162,0.015
2026-05-07T22:58:47.945512,287120,2,8821,0,1078.970,8,421.635,0.015
2026-05-07T22:58:48.998112,287426,2,8830,0,1080.024,9,422.108,0.015
2026-05-07T22:58:50.037613,287734,2,8837,0,1081.073,7,422.581,0.015
2026-05-07T22:58:51.079789,288040,2,8844,0,1082.115,6,423.007,0.015
2026-05-07T22:58:52.121442,288344,2,8852,0,1083.156,6,423.527,0.015
2026-05-07T22:58:53.216306,288649,2,8861,0,1084.201,9,423.953,0.015
2026-05-07T22:58:54.314135,288967,2,8871,0,1085.294,9,424.473,0.015
2026-05-07T22:58:55.446235,289286,2,8881,0,1086.393,9,425.040,0.015
2026-05-07T22:58:56.496365,289615,2,8891,0,1087.523,9,425.560,0.015
2026-05-07T22:58:57.590475,289925,2,8896,0,1088.573,5,425.938,0.015
2026-05-07T22:58:58.632700,290243,2,8907,0,1089.670,9,426.458,0.015
2026-05-07T22:58:59.750680,290545,2,8917,0,1090.709,9,426.977,0.015
2026-05-07T22:59:00.793497,290871,2,8927,0,1091.829,8,427.497,0.015
2026-05-07T22:59:01.858903,291173,2,8938,0,1092.871,11,428.016,0.015
2026-05-07T22:59:02.908919,291482,2,8948,0,1093.936,10,428.535,0.015
2026-05-07T22:59:04.077625,291789,2,8957,0,1094.988,8,429.006,0.015
2026-05-07T22:59:05.170590,292130,2,8966,0,1096.156,7,429.478,0.015
2026-05-07T22:59:06.215777,292447,2,8977,0,1097.247,10,429.997,0.015
2026-05-07T22:59:07.264842,292751,2,8986,0,1098.292,8,430.468,0.015
2026-05-07T22:59:08.327106,293056,2,8995,0,1099.340,8,430.987,0.015
2026-05-07T22:59:09.369222,293365,2,9005,0,1100.403,9,431.505,0.015
2026-05-07T22:59:10.410899,293669,2,9014,0,1101.447,9,431.930,0.015
2026-05-07T22:59:11.450085,293971,2,9024,0,1102.487,8,432.401,0.015
2026-05-07T22:59:12.525553,294277,2,9032,0,1103.532,8,432.872,0.015
2026-05-07T22:59:13.569832,294589,2,9041,0,1104.603,8,433.437,0.015
2026-05-07T22:59:14.901194,294866,2,9052,0,1105.653,11,433.955,0.015
2026-05-07T22:59:15.968422,295282,2,9064,0,1106.988,10,434.567,0.015
2026-05-07T22:59:17.010159,295586,2,9073,0,1108.045,9,435.038,0.015
2026-05-07T22:59:18.067280,295893,2,9082,0,1109.087,9,435.461,0.015
2026-05-07T22:59:19.115063,296202,2,9090,0,1110.144,8,435.932,0.015
2026-05-07T22:59:20.200658,296510,2,9097,0,1111.193,7,436.450,0.015
2026-05-07T22:59:21.262906,296826,2,9108,0,1112.282,10,437.014,0.015
2026-05-07T22:59:22.437169,297134,2,9117,0,1113.340,9,437.484,0.015
2026-05-07T22:59:23.529477,297479,2,9126,0,1114.518,8,438.049,0.015
2026-05-07T22:59:24.836233,297794,2,9136,0,1115.606,9,438.519,0.015
2026-05-07T22:59:25.957872,298176,2,9148,0,1116.915,9,439.083,0.015
2026-05-07T22:59:27.003046,298503,2,9158,0,1118.038,9,439.599,0.015
2026-05-07T22:59:28.043381,298807,2,9166,0,1119.079,8,440.022,0.015
2026-05-07T22:59:29.140512,299112,2,9175,0,1120.125,8,440.539,0.015
2026-05-07T22:59:30.185873,299430,2,9184,0,1121.217,9,441.009,0.015
2026-05-07T22:59:31.415047,299731,2,9192,0,1122.287,8,441.431,0.015
2026-05-07T22:59:32.493512,300096,2,9202,0,1123.494,9,441.948,0.015
2026-05-07T22:59:33.519882,300411,2,9209,0,1124.569,7,442.418,0.015
2026-05-07T22:59:34.600749,300711,2,9217,0,1125.598,8,442.888,0.015
2026-05-07T22:59:35.681903,301028,2,9226,0,1126.684,9,443.310,0.015
2026-05-07T22:59:36.729477,301343,2,9234,0,1127.759,7,443.733,0.015
2026-05-07T22:59:37.768506,301649,2,9242,0,1128.807,8,444.156,0.015
2026-05-07T22:59:38.803,301952,2,9251,0,1129.847,9,444.625,0.015
2026-05-07T22:59:39.903678,302254,2,9260,0,1130.880,9,445.095,0.015
2026-05-07T22:59:40.943124,302574,2,9270,0,1131.983,10,445.658,0.015
2026-05-07T22:59:41.987280,302876,2,9279,0,1133.020,9,446.080,0.015
2026-05-07T22:59:43.044345,303180,2,9289,0,1134.065,9,446.597,0.015
2026-05-07T22:59:44.127506,303487,2,9298,0,1135.120,8,447.113,0.015
2026-05-07T22:59:45.167704,303803,2,9307,0,1136.204,9,447.582,0.015
2026-05-07T22:59:46.205665,304084,2,9316,0,1137.245,9,448.004,0.015
2026-05-07T22:59:47.278367,304408,2,9327,0,1138.284,10,448.520,0.015
2026-05-07T22:59:48.345994,304719,2,9337,0,1139.357,9,448.989,0.015
2026-05-07T22:59:49.382996,305030,2,9346,0,1140.421,8,449.504,0.015
2026-05-07T22:59:50.444907,305335,2,9353,0,1141.461,7,449.926,0.015
2026-05-07T22:59:51.481540,305643,2,9362,0,1142.520,9,450.348,0.015
2026-05-07T22:59:52.517035,305944,2,9373,0,1143.558,10,450.864,0.015
2026-05-07T22:59:53.611828,306245,2,9383,0,1144.594,10,451.333,0.015
2026-05-07T22:59:54.665944,306555,2,9394,0,1145.695,11,451.848,0.015
2026-05-07T22:59:55.700485,306868,2,9404,0,1146.741,10,452.363,0.015
2026-05-07T22:59:56.744373,307171,2,9412,0,1147.778,8,452.832,0.015
2026-05-07T22:59:57.796434,307471,2,9424,0,1148.820,10,453.393,0.015
2026-05-07T22:59:58.841340,307778,2,9434,0,1149.876,9,453.861,0.015
2026-05-07T22:59:59.888144,308082,2,9444,0,1150.923,10,454.330,0.015
2026-05-07T23:00:00.930452,308385,2,9454,0,1151.967,9,454.798,0.015
2026-05-07T23:00:01.973939,308689,2,9463,0,1153.010,8,455.266,0.015
2026-05-07T23:00:03.021033,308993,2,9471,0,1154.050,8,455.687,0.015
2026-05-07T23:00:04.073123,309300,2,9479,0,1155.098,8,456.108,0.015
2026-05-07T23:00:05.114058,309606,2,9489,0,1156.151,9,456.623,0.015
2026-05-07T23:00:06.158552,309910,2,9497,0,1157.191,7,457.044,0.015
2026-05-07T23:00:07.202534,310215,2,9506,0,1158.237,8,457.465,0.015
2026-05-07T23:00:08.251548,310516,2,9517,0,1159.278,9,457.979,0.015
2026-05-07T23:00:09.288215,310819,2,9528,0,1160.328,11,458.494,0.015
2026-05-07T23:00:10.332417,311123,2,9536,0,1161.365,8,458.962,0.015
2026-05-07T23:00:11.378916,311429,2,9544,0,1162.412,8,459.382,0.015
2026-05-07T23:00:12.424348,311733,2,9554,0,1163.459,9,459.897,0.015
2026-05-07T23:00:13.466379,312034,2,9565,0,1164.500,11,460.411,0.015
2026-05-07T23:00:14.657964,312337,2,9571,0,1165.557,6,460.784,0.015
2026-05-07T23:00:15.704440,312690,2,9581,0,1166.738,7,461.298,0.015
2026-05-07T23:00:16.744710,312993,2,9590,0,1167.780,9,461.719,0.015
2026-05-07T23:00:17.820671,313297,2,9599,0,1168.820,9,462.233,0.015
2026-05-07T23:00:18.862952,313610,2,9608,0,1169.896,8,462.747,0.015
2026-05-07T23:00:19.908633,313914,2,9618,0,1170.943,10,463.261,0.015
2026-05-07T23:00:21.091881,314216,2,9626,0,1171.994,8,463.634,0.015
2026-05-07T23:00:22.138970,314564,2,9635,0,1173.167,8,464.148,0.015
2026-05-07T23:00:23.213613,314862,2,9644,0,1174.216,9,464.569,0.015
2026-05-07T23:00:24.255012,315182,2,9655,0,1175.293,10,465.083,0.015
2026-05-07T23:00:25.308139,315486,2,9663,0,1176.331,8,465.503,0.015
2026-05-07T23:00:26.539556,315793,2,9671,0,1177.428,8,465.971,0.015
2026-05-07T23:00:27.644040,316155,2,9680,0,1178.618,8,466.485,0.015
2026-05-07T23:00:28.688208,316476,2,9689,0,1179.720,9,466.952,0.015
2026-05-07T23:00:29.756810,316784,2,9696,0,1180.767,6,467.419,0.015
2026-05-07T23:00:30.788195,317093,2,9707,0,1181.833,9,467.933,0.015
2026-05-07T23:00:31.826389,317394,2,9716,0,1182.866,8,468.400,0.015
2026-05-07T23:00:32.910528,317696,2,9726,0,1183.907,9,468.867,0.015
2026-05-07T23:00:33.953203,318010,2,9736,0,1184.988,8,469.428,0.015
2026-05-07T23:00:35.404109,318242,2,9745,0,1186.051,9,469.895,0.015
2026-05-07T23:00:36.515829,318738,2,9756,0,1187.477,8,470.502,0.015
2026-05-07T23:00:37.626333,319061,2,9767,0,1188.589,10,471.015,0.015
2026-05-07T23:00:38.665392,319383,2,9777,0,1189.698,9,471.529,0.015
2026-05-07T23:00:39.705312,319686,2,9786,0,1190.737,9,471.949,0.015
2026-05-07T23:00:40.753883,319989,2,9795,0,1191.778,9,472.416,0.015
2026-05-07T23:00:41.817189,320293,1,9806,0,1192.828,10,472.929,0.015
2026-05-07T23:00:42.862584,320603,2,9815,0,1193.891,9,473.488,0.015
2026-05-07T23:00:43.905095,320906,2,9825,0,1194.935,10,473.955,0.015
2026-05-07T23:00:44.985553,321209,2,9834,0,1195.975,9,474.374,0.015
2026-05-07T23:00:46.031620,321526,2,9842,0,1197.057,6,474.887,0.015
2026-05-07T23:00:47.067934,321831,2,9852,0,1198.106,10,475.400,0.015
2026-05-07T23:00:48.113942,322132,2,9861,0,1199.139,9,475.866,0.015
2026-05-07T23:00:49.161628,322434,2,9872,0,1200.184,10,476.378,0.015
2026-05-07T23:00:50.202580,322739,2,9881,0,1201.232,8,476.891,0.015
2026-05-07T23:00:51.249112,323044,2,9889,0,1202.273,8,477.310,0.015
2026-05-07T23:00:52.358920,323349,2,9899,0,1203.322,9,477.776,0.015
2026-05-07T23:00:53.413344,323671,2,9909,0,1204.430,8,478.241,0.015
2026-05-07T23:00:54.467243,323979,2,9918,0,1205.488,7,478.753,0.015
2026-05-07T23:00:55.538957,324290,2,9923,0,1206.541,5,479.219,0.015
2026-05-07T23:00:56.633167,324603,2,9931,0,1207.612,8,479.731,0.015
2026-05-07T23:00:57.709227,324923,2,9939,0,1208.706,8,480.243,0.015
2026-05-07T23:00:58.803125,325239,2,9947,0,1209.783,8,480.615,0.015
2026-05-07T23:00:59.847716,325555,2,9958,0,1210.875,10,481.174,0.015
2026-05-07T23:01:00.878493,325858,2,9969,0,1211.920,10,481.686,0.015
2026-05-07T23:01:02.044848,326160,2,9978,0,1212.962,9,482.151,0.015
2026-05-07T23:01:03.093274,326499,2,9987,0,1214.119,7,482.616,0.015
2026-05-07T23:01:04.230489,326797,2,9998,0,1215.165,11,483.128,0.015
2026-05-07T23:01:05.288763,327135,2,10007,0,1216.306,9,483.639,0.015
2026-05-07T23:01:06.380297,327443,2,10015,0,1217.362,8,484.058,0.015
2026-05-07T23:01:07.421205,327759,2,10027,0,1218.454,11,484.616,0.015
2026-05-07T23:01:08.469953,328063,2,10035,0,1219.494,8,485.081,0.015
2026-05-07T23:01:09.569347,328370,2,10044,0,1220.547,9,485.499,0.015
2026-05-07T23:01:10.604881,328690,2,10053,0,1221.644,8,485.964,0.015
2026-05-07T23:01:11.693413,328991,2,10062,0,1222.678,9,486.382,0.015
2026-05-07T23:01:12.738441,329307,2,10073,0,1223.768,9,486.894,0.015
2026-05-07T23:01:13.780848,329612,2,10081,0,1224.811,7,487.312,0.015
2026-05-07T23:01:14.868436,329916,2,10090,0,1225.854,8,487.731,0.015
2026-05-07T23:01:15.904878,330232,2,10100,0,1226.941,8,488.242,0.015
2026-05-07T23:01:16.973792,330532,2,10110,0,1227.981,9,488.754,0.015
2026-05-07T23:01:18.074686,330844,2,10120,0,1229.047,9,489.265,0.015
2026-05-07T23:01:19.114883,331167,2,10128,0,1230.149,8,489.730,0.015
2026-05-07T23:01:20.177165,331473,2,10136,0,1231.197,8,490.102,0.015
2026-05-07T23:01:21.454335,331772,2,10144,0,1232.290,6,490.567,0.015
2026-05-07T23:01:22.516190,332154,2,10155,0,1233.530,9,491.125,0.015
2026-05-07T23:01:23.607833,332463,2,10165,0,1234.594,10,491.590,0.015
2026-05-07T23:01:24.764330,332777,1,10175,0,1235.685,9,492.055,0.015
2026-05-07T23:01:25.797543,333116,2,10185,0,1236.837,8,492.612,0.015
2026-05-07T23:01:26.898878,333417,2,10195,0,1237.873,9,493.124,0.015
2026-05-07T23:01:27.937941,333738,2,10204,0,1238.974,8,493.588,0.015
2026-05-07T23:01:28.991101,334042,2,10212,0,1240.011,8,494.099,0.015
2026-05-07T23:01:30.044830,334349,2,10220,0,1241.064,8,494.657,0.015
2026-05-07T23:01:31.091139,334660,2,10228,0,1242.124,7,495.121,0.015
2026-05-07T23:01:32.154625,334964,2,10237,0,1243.167,9,495.585,0.015
2026-05-07T23:01:33.218364,335275,2,10244,0,1244.231,7,496.050,0.015
2026-05-07T23:01:34.264312,335585,2,10254,0,1245.296,10,496.514,0.015
2026-05-07T23:01:35.344507,335888,2,10264,0,1246.335,9,496.978,0.015
2026-05-07T23:01:36.443264,336195,1,10275,0,1247.415,11,497.442,0.015
2026-05-07T23:01:37.585482,336523,2,10284,0,1248.519,8,497.999,0.015
2026-05-07T23:01:38.652723,336855,2,10293,0,1249.654,9,498.417,0.015
2026-05-07T23:01:39.748287,337168,2,10302,0,1250.727,8,498.834,0.015
2026-05-07T23:01:40.806187,337487,2,10311,0,1251.821,8,499.298,0.015
2026-05-07T23:01:41.834831,337793,2,10321,0,1252.876,10,499.855,0.015
2026-05-07T23:01:42.902115,338094,2,10329,0,1253.906,8,500.227,0.015
2026-05-07T23:01:43.950005,338403,2,10340,0,1254.971,10,500.783,0.015
2026-05-07T23:01:45.154282,338711,2,10351,0,1256.035,10,501.294,0.015
2026-05-07T23:01:46.206144,339058,2,10362,0,1257.229,9,501.804,0.015
2026-05-07T23:01:47.270146,339363,2,10372,0,1258.280,10,502.360,0.015
2026-05-07T23:01:48.313758,339675,2,10379,0,1259.341,6,502.824,0.015
2026-05-07T23:01:49.354557,339976,2,10390,0,1260.384,11,503.333,0.015
2026-05-07T23:01:50.404092,340278,2,10400,0,1261.424,10,503.797,0.015
2026-05-07T23:01:51.452560,340584,2,10409,0,1262.474,9,504.214,0.015
2026-05-07T23:01:52.543699,340889,2,10420,0,1263.525,10,504.723,0.015
2026-05-07T23:01:53.591520,341208,2,10429,0,1264.620,8,505.187,0.015
2026-05-07T23:01:54.762896,341514,2,10438,0,1265.679,9,505.696,0.015
2026-05-07T23:01:55.798064,341854,2,10447,0,1266.833,7,506.205,0.015
2026-05-07T23:01:56.860511,342157,2,10454,0,1267.867,6,506.622,0.015
2026-05-07T23:01:57.923150,342464,2,10466,0,1268.930,11,507.177,0.015
2026-05-07T23:01:58.998238,342774,2,10476,0,1269.995,10,507.732,0.015
2026-05-07T23:02:00.038783,343086,2,10485,0,1271.067,9,508.195,0.015
2026-05-07T23:02:01.095989,343389,2,10495,0,1272.110,10,508.703,0.015
2026-05-07T23:02:02.203888,343698,2,10503,0,1273.166,8,509.119,0.015
2026-05-07T23:02:03.250428,344021,2,10513,0,1274.275,9,509.720,0.015
2026-05-07T23:02:04.311279,344325,2,10523,0,1275.324,9,510.228,0.015
2026-05-07T23:02:05.383414,344638,2,10529,0,1276.391,5,510.690,0.015
2026-05-07T23:02:06.427031,344949,2,10538,0,1277.459,8,511.151,0.015
2026-05-07T23:02:07.731233,345218,2,10548,0,1278.532,9,511.613,0.015
2026-05-07T23:02:08.797932,345633,2,10558,0,1279.812,7,512.167,0.015
2026-05-07T23:02:09.844084,345943,2,10568,0,1280.873,10,512.629,0.015
2026-05-07T23:02:10.887603,346248,2,10578,0,1281.921,9,513.136,0.015
2026-05-07T23:02:11.926741,346551,2,10587,0,1282.963,8,513.598,0.015
2026-05-07T23:02:12.962831,346857,2,10594,0,1284.006,7,514.013,0.015
2026-05-07T23:02:14.004810,347158,2,10603,0,1285.038,9,514.429,0.015
2026-05-07T23:02:15.064262,347464,2,10611,0,1286.084,7,514.890,0.015
2026-05-07T23:02:16.109295,347771,2,10620,0,1287.140,9,515.306,0.015
2026-05-07T23:02:17.149089,348074,2,10631,0,1288.186,11,515.905,0.015
2026-05-07T23:02:18.201960,348378,2,10640,0,1289.227,9,516.321,0.015
2026-05-07T23:02:19.251446,348685,2,10649,0,1290.282,9,516.782,0.015
2026-05-07T23:02:20.294177,348991,2,10656,0,1291.327,7,517.197,0.015
2026-05-07T23:02:21.339696,349297,2,10665,0,1292.374,9,517.659,0.015
2026-05-07T23:02:22.383472,349601,2,10674,0,1293.417,9,518.120,0.015
2026-05-07T23:02:23.431811,349903,2,10684,0,1294.459,10,518.581,0.015
2026-05-07T23:02:24.474943,350209,2,10693,0,1295.507,8,519.089,0.015
2026-05-07T23:02:25.536888,350511,2,10704,0,1296.552,11,519.642,0.015
2026-05-07T23:02:26.578382,350821,2,10713,0,1297.614,9,520.149,0.015
2026-05-07T23:02:27.625812,351126,2,10720,0,1298.656,7,520.518,0.015
2026-05-07T23:02:28.670877,351429,2,10731,0,1299.701,11,521.025,0.015
2026-05-07T23:02:29.716535,351733,2,10741,0,1300.748,10,521.532,0.015
2026-05-07T23:02:30.743702,352040,2,10748,0,1301.793,6,521.946,0.015
2026-05-07T23:02:31.789459,352342,2,10754,0,1302.819,6,522.361,0.015
2026-05-07T23:02:32.832895,352647,2,10761,0,1303.867,7,522.822,0.015
2026-05-07T23:02:33.877595,352956,2,10767,0,1304.913,5,523.191,0.015
2026-05-07T23:02:34.930258,353258,2,10779,0,1305.958,11,523.744,0.015
2026-05-07T23:02:35.976763,353563,2,10788,0,1307.006,9,524.296,0.015
2026-05-07T23:02:37.018065,353870,2,10795,0,1308.053,7,524.711,0.015
2026-05-07T23:02:38.068807,354175,2,10804,0,1309.098,8,525.125,0.015
2026-05-07T23:02:39.114599,354480,2,10814,0,1310.147,9,525.677,0.015
2026-05-07T23:02:40.165955,354784,2,10823,0,1311.193,8,526.184,0.015
2026-05-07T23:02:41.209481,355091,2,10831,0,1312.241,8,526.598,0.015
2026-05-07T23:02:42.252555,355395,2,10840,0,1313.287,8,527.104,0.015
2026-05-07T23:02:43.290171,355700,2,10849,0,1314.331,9,527.518,0.015
2026-05-07T23:02:44.342804,356002,2,10857,0,1315.366,7,527.978,0.015
2026-05-07T23:02:45.401238,356307,2,10869,0,1316.424,11,528.530,0.015
2026-05-07T23:02:46.458124,356614,2,10879,0,1317.480,10,528.990,0.015
2026-05-07T23:02:47.510020,356919,2,10890,0,1318.534,11,529.496,0.015
2026-05-07T23:02:48.555084,357226,2,10899,0,1319.587,8,530.001,0.015
2026-05-07T23:02:49.600989,357533,2,10905,0,1320.631,6,530.369,0.015
2026-05-07T23:02:50.650266,357839,2,10914,0,1321.680,9,530.783,0.015
2026-05-07T23:02:51.696556,358143,2,10924,0,1322.727,9,531.335,0.015
2026-05-07T23:02:52.743848,358448,2,10934,0,1323.777,9,531.794,0.015
2026-05-07T23:02:53.784729,358753,2,10943,0,1324.821,8,532.254,0.015
2026-05-07T23:02:54.819966,359056,2,10952,0,1325.863,9,532.714,0.015
2026-05-07T23:02:55.868161,359357,2,10961,0,1326.897,9,533.127,0.015
2026-05-07T23:02:56.908893,359665,2,10968,0,1327.947,5,533.633,0.015
2026-05-07T23:02:57.953710,359970,2,10975,0,1328.987,7,534.093,0.015
2026-05-07T23:02:59.009868,360276,2,10983,0,1330.031,8,534.552,0.015
2026-05-07T23:03:00.061926,360583,2,10992,0,1331.086,9,535.012,0.015
2026-05-07T23:03:01.131727,360893,2,10999,0,1332.142,7,535.471,0.015
2026-05-07T23:03:02.177077,361205,2,11006,0,1333.207,7,535.931,0.015
2026-05-07T23:03:03.225075,361511,2,11014,0,1334.252,7,536.436,0.015
2026-05-07T23:03:04.283939,361818,2,11023,0,1335.305,8,536.895,0.015
2026-05-07T23:03:05.352121,362125,2,11032,0,1336.360,8,537.400,0.015
2026-05-07T23:03:06.399465,362437,2,11041,0,1337.427,9,537.859,0.015
2026-05-07T23:03:07.448001,362743,2,11049,0,1338.476,7,538.273,0.015
2026-05-07T23:03:08.570851,363046,2,11061,0,1339.527,10,538.823,0.015
2026-05-07T23:03:09.786934,363367,2,11072,0,1340.654,10,539.328,0.015
2026-05-07T23:03:10.906568,363726,2,11084,0,1341.868,10,539.879,0.015
2026-05-07T23:03:12.060043,364049,2,11096,0,1342.985,10,540.475,0.015
2026-05-07T23:03:13.182343,364386,2,11105,0,1344.137,8,540.888,0.015
2026-05-07T23:03:14.406514,364750,2,11115,0,1345.385,8,541.393,0.015
2026-05-07T23:03:15.490276,365072,2,11124,0,1346.490,9,541.897,0.015
2026-05-07T23:03:16.535088,365385,2,11134,0,1347.566,10,542.356,0.015
2026-05-07T23:03:17.814144,365693,2,11142,0,1348.626,8,542.815,0.015
2026-05-07T23:03:18.968763,366068,1,11152,0,1349.910,8,543.274,0.015
2026-05-07T23:03:20.015480,366402,2,11161,0,1351.046,8,543.732,0.015
2026-05-07T23:03:21.071387,366706,2,11171,0,1352.091,10,544.191,0.015
2026-05-07T23:03:22.303146,366959,2,11181,0,1353.148,9,544.650,0.015
2026-05-07T23:03:23.392326,367369,2,11195,0,1354.382,12,545.292,0.015
2026-05-07T23:03:24.440124,367686,2,11204,0,1355.469,9,545.797,0.015
2026-05-07T23:03:25.479280,367991,2,11213,0,1356.516,9,546.347,0.015
2026-05-07T23:03:26.533597,368295,2,11221,0,1357.556,8,546.759,0.015
2026-05-07T23:03:27.616493,368602,2,11230,0,1358.610,9,547.217,0.015
2026-05-07T23:03:28.659978,368919,2,11239,0,1359.694,8,547.630,0.015
2026-05-07T23:03:29.701935,369222,2,11249,0,1360.739,9,548.088,0.015
2026-05-07T23:03:30.744837,369527,2,11256,0,1361.777,7,548.501,0.015
2026-05-07T23:03:31.800277,369832,2,11265,0,1362.823,9,548.959,0.015
2026-05-07T23:03:32.848055,370138,2,11274,0,1363.877,8,549.417,0.015
2026-05-07T23:03:33.888905,370442,2,11284,0,1364.923,9,549.922,0.015
2026-05-07T23:03:34.937582,370746,2,11293,0,1365.964,9,550.380,0.015
2026-05-07T23:03:36.000048,371051,2,11303,0,1367.013,10,550.884,0.015
2026-05-07T23:03:37.039034,371360,2,11313,0,1368.079,9,551.342,0.015
2026-05-07T23:03:38.117931,371662,2,11323,0,1369.117,10,551.800,0.015
2026-05-07T23:03:39.178992,371974,2,11333,0,1370.193,9,552.304,0.015
2026-05-07T23:03:40.209336,372282,2,11345,0,1371.256,12,552.853,0.015
2026-05-07T23:03:41.289288,372583,2,11353,0,1372.288,8,553.311,0.015
2026-05-07T23:03:42.361942,372898,2,11361,0,1373.366,8,553.815,0.015
2026-05-07T23:03:43.705502,373210,2,11369,0,1374.443,8,554.226,0.015
2026-05-07T23:03:44.795635,373605,2,11377,0,1375.788,5,554.776,0.015
2026-05-07T23:03:45.843567,373925,2,11386,0,1376.871,9,555.188,0.015
2026-05-07T23:03:46.895610,374231,1,11396,0,1377.921,9,555.646,0.015
2026-05-07T23:03:48.013014,374533,2,11408,0,1378.972,11,556.241,0.015
2026-05-07T23:03:49.074531,374857,2,11420,0,1380.091,11,556.790,0.015
2026-05-07T23:03:50.158634,375167,2,11429,0,1381.154,9,557.293,0.015
2026-05-07T23:03:51.209311,375483,2,11437,0,1382.235,8,557.750,0.015
2026-05-07T23:03:52.255442,375788,2,11447,0,1383.286,9,558.253,0.015
2026-05-07T23:03:53.307650,376093,2,11456,0,1384.332,9,558.664,0.015
2026-05-07T23:03:54.392498,376397,2,11468,0,1385.386,11,559.259,0.015
2026-05-07T23:03:55.436519,376711,2,11479,0,1386.469,11,559.761,0.015
2026-05-07T23:03:56.487251,377015,2,11488,0,1387.513,9,560.172,0.015
2026-05-07T23:03:57.538072,377320,2,11499,0,1388.567,10,560.721,0.015
2026-05-07T23:03:58.586779,377626,2,11508,0,1389.614,9,561.132,0.015
2026-05-07T23:03:59.631176,377928,2,11520,0,1390.662,11,561.680,0.015
2026-05-07T23:04:00.693459,378234,2,11527,0,1391.706,7,562.045,0.015
2026-05-07T23:04:01.749028,378543,2,11538,0,1392.773,11,562.594,0.015
2026-05-07T23:04:02.796694,378849,1,11549,0,1393.824,11,563.096,0.015
2026-05-07T23:04:03.844522,379152,2,11559,0,1394.872,10,563.644,0.015
2026-05-07T23:04:04.872215,379457,2,11568,0,1395.919,9,564.146,0.015
2026-05-07T23:04:05.911377,379756,2,11578,0,1396.947,10,564.602,0.015
2026-05-07T23:04:06.957691,380057,2,11588,0,1397.987,10,565.058,0.015
2026-05-07T23:04:08.005759,380362,2,11597,0,1399.033,8,565.560,0.015
2026-05-07T23:04:09.072951,380666,2,11608,0,1400.082,10,566.062,0.015
2026-05-07T23:04:10.122162,380976,2,11618,0,1401.150,10,566.563,0.015
2026-05-07T23:04:11.167580,381282,2,11627,0,1402.197,8,567.019,0.015
2026-05-07T23:04:12.217499,381588,2,11635,0,1403.246,8,567.475,0.015
2026-05-07T23:04:13.263240,381895,2,11643,0,1404.294,8,567.885,0.015
2026-05-07T23:04:14.309117,382200,2,11651,0,1405.340,8,568.295,0.015
2026-05-07T23:04:15.364350,382504,2,11662,0,1406.390,10,568.842,0.015
2026-05-07T23:04:16.418426,382811,2,11671,0,1407.444,8,569.297,0.015
2026-05-07T23:04:17.487513,383120,2,11679,0,1408.498,7,569.799,0.015
2026-05-07T23:04:18.546070,383429,2,11690,0,1409.565,11,570.300,0.015
2026-05-07T23:04:19.590798,383735,2,11701,0,1410.621,9,570.801,0.015
2026-05-07T23:04:20.643427,384040,2,11709,0,1411.666,8,571.211,0.015
2026-05-07T23:04:21.688946,384348,2,11717,0,1412.719,7,571.666,0.015
2026-05-07T23:04:22.739529,384653,2,11726,0,1413.765,9,572.076,0.015
2026-05-07T23:04:23.787407,384957,2,11737,0,1414.817,10,572.577,0.015
2026-05-07T23:04:24.839861,385261,2,11747,0,1415.862,10,573.078,0.015
2026-05-07T23:04:25.910065,385569,2,11755,0,1416.916,8,573.488,0.015
2026-05-07T23:04:26.958740,385881,2,11764,0,1417.986,8,573.944,0.015
2026-05-07T23:04:28.046557,386188,2,11772,0,1419.035,8,574.353,0.015
2026-05-07T23:04:29.102518,386505,2,11783,0,1420.128,9,574.900,0.015
2026-05-07T23:04:30.148334,386812,2,11791,0,1421.179,7,575.355,0.015
2026-05-07T23:04:31.194748,387116,2,11802,0,1422.227,11,575.856,0.015
2026-05-07T23:04:32.240900,387422,2,11809,0,1423.272,7,576.266,0.015
2026-05-07T23:04:33.287563,387725,2,11820,0,1424.320,10,576.767,0.015
2026-05-07T23:04:34.324672,388028,2,11830,0,1425.363,10,577.267,0.015
2026-05-07T23:04:35.432394,388330,2,11840,0,1426.401,10,577.722,0.015
2026-05-07T23:04:36.481212,388649,2,11848,0,1427.512,6,578.178,0.015
2026-05-07T23:04:37.551809,388961,2,11857,0,1428.562,9,578.633,0.015
2026-05-07T23:04:38.616197,389273,2,11865,0,1429.630,7,579.088,0.015
2026-05-07T23:04:39.664117,389584,2,11875,0,1430.697,10,579.588,0.015
2026-05-07T23:04:40.702720,389887,2,11884,0,1431.740,8,580.089,0.015
2026-05-07T23:04:41.758626,390189,2,11894,0,1432.780,10,580.543,0.015
2026-05-07T23:04:42.846902,390498,2,11902,0,1433.837,8,580.953,0.015
2026-05-07T23:04:43.900111,390815,2,11912,0,1434.925,9,581.408,0.015
2026-05-07T23:04:45.007620,391117,2,11925,0,1435.977,11,581.999,0.015
2026-05-07T23:04:46.078464,391442,2,11934,0,1437.089,8,582.499,0.015
2026-05-07T23:04:47.128733,391753,2,11944,0,1438.158,9,582.954,0.015
2026-05-07T23:04:48.179639,392058,2,11954,0,1439.211,9,583.409,0.015
2026-05-07T23:04:49.229245,392363,2,11963,0,1440.257,8,583.864,0.015
2026-05-07T23:04:50.277154,392669,1,11973,0,1441.306,10,584.318,0.015
2026-05-07T23:04:51.326242,392973,2,11982,0,1442.353,8,584.819,0.015
2026-05-07T23:04:52.381856,393281,2,11990,0,1443.405,7,585.228,0.015
2026-05-07T23:04:53.465415,393586,2,12001,0,1444.458,9,585.728,0.015
2026-05-07T23:04:54.528681,393904,2,12010,0,1445.547,7,586.273,0.015
2026-05-07T23:04:55.734308,394213,2,12018,0,1446.605,8,586.773,0.015
2026-05-07T23:04:56.775345,394565,2,12028,0,1447.811,9,587.272,0.015
2026-05-07T23:04:57.839946,394869,2,12036,0,1448.853,8,587.726,0.015
2026-05-07T23:04:58.901522,395176,2,12047,0,1449.922,10,588.226,0.015
2026-05-07T23:04:59.954523,395488,2,12055,0,1450.980,7,588.635,0.015
2026-05-07T23:05:00.992844,395792,2,12066,0,1452.030,10,589.134,0.015
2026-05-07T23:05:02.040289,396094,2,12076,0,1453.070,10,589.588,0.015
2026-05-07T23:05:03.096284,396400,2,12084,0,1454.123,7,590.088,0.015
2026-05-07T23:05:04.154265,396711,2,12090,0,1455.173,6,590.451,0.015
2026-05-07T23:05:05.239926,397020,2,12099,0,1456.235,9,590.950,0.015
2026-05-07T23:05:06.290604,397335,2,12110,0,1457.320,9,591.495,0.015
2026-05-07T23:05:07.393627,397643,2,12117,0,1458.367,6,591.949,0.015
2026-05-07T23:05:08.439981,397962,2,12127,0,1459.471,10,592.448,0.015
2026-05-07T23:05:09.490980,398268,2,12136,0,1460.516,9,592.902,0.015
2026-05-07T23:05:10.554537,398574,2,12146,0,1461.570,10,593.356,0.015
2026-05-07T23:05:11.632359,398883,2,12156,0,1462.633,9,593.809,0.015
2026-05-07T23:05:12.683069,399197,2,12165,0,1463.709,7,594.308,0.015
2026-05-07T23:05:13.733802,399502,2,12175,0,1464.760,10,594.762,0.015
2026-05-07T23:05:14.827512,399808,2,12184,0,1465.810,9,595.216,0.015
2026-05-07T23:05:15.877570,400126,2,12194,0,1466.904,9,595.669,0.015
2026-05-07T23:05:16.980959,400431,2,12205,0,1467.960,10,596.168,0.015
2026-05-07T23:05:18.088307,400751,2,12217,0,1469.061,10,596.713,0.015
2026-05-07T23:05:19.142024,401072,2,12227,0,1470.165,10,597.211,0.015
2026-05-07T23:05:20.197088,401376,2,12239,0,1471.219,12,597.755,0.015
2026-05-07T23:05:21.402372,401683,2,12248,0,1472.273,9,598.209,0.015
2026-05-07T23:05:22.510180,402033,2,12260,0,1473.478,9,598.752,0.015
2026-05-07T23:05:23.638234,402354,2,12272,0,1474.591,11,599.296,0.015
2026-05-07T23:05:24.750248,402684,2,12280,0,1475.722,7,599.840,0.015
2026-05-07T23:05:25.818387,403010,2,12289,0,1476.830,7,600.293,0.015
2026-05-07T23:05:27.193405,403311,1,12298,0,1477.902,8,600.745,0.015
2026-05-07T23:05:28.309643,403720,2,12310,0,1479.270,10,601.334,0.015
2026-05-07T23:05:29.352957,404046,2,12321,0,1480.391,9,601.878,0.015
2026-05-07T23:05:30.494649,404349,2,12330,0,1481.432,9,602.286,0.015
2026-05-07T23:05:31.556276,404680,2,12339,0,1482.570,8,602.784,0.015
2026-05-07T23:05:32.645634,404992,2,12348,0,1483.636,9,603.191,0.015
2026-05-07T23:05:33.698919,405308,2,12358,0,1484.723,10,603.735,0.015
2026-05-07T23:05:34.792914,405610,2,12367,0,1485.777,8,604.233,0.015
2026-05-07T23:05:35.840428,405935,2,12376,0,1486.871,9,604.730,0.015
2026-05-07T23:05:36.889354,406241,2,12384,0,1487.918,7,605.228,0.015
2026-05-07T23:05:37.967938,406543,2,12396,0,1488.964,11,605.771,0.015
2026-05-07T23:05:39.026128,406857,2,12406,0,1490.043,9,606.269,0.015
2026-05-07T23:05:40.141392,407164,2,12416,0,1491.101,10,606.812,0.015
2026-05-07T23:05:41.193559,407489,2,12427,0,1492.219,10,607.354,0.015
2026-05-07T23:05:42.248165,407794,1,12437,0,1493.268,10,607.761,0.015
2026-05-07T23:05:43.329025,408103,2,12443,0,1494.321,6,608.213,0.015
2026-05-07T23:05:44.413035,408421,2,12451,0,1495.405,6,608.710,0.015
2026-05-07T23:05:45.519559,408736,2,12462,0,1496.492,9,609.207,0.015
2026-05-07T23:05:46.567358,409054,2,12474,0,1497.594,11,609.794,0.015
2026-05-07T23:05:47.700286,409359,2,12484,0,1498.642,10,610.291,0.015
2026-05-07T23:05:48.836221,409688,2,12496,0,1499.778,11,610.877,0.015
2026-05-07T23:05:49.881016,410018,2,12507,0,1500.915,9,611.374,0.015
2026-05-07T23:05:50.929260,410318,2,12519,0,1501.956,10,611.915,0.015
2026-05-07T23:05:51.977863,410623,2,12529,0,1503.007,10,612.411,0.015
2026-05-07T23:05:53.031854,410927,2,12538,0,1504.052,9,612.862,0.015
2026-05-07T23:05:54.122143,411234,2,12549,0,1505.109,10,613.358,0.015
2026-05-07T23:05:55.257694,411550,2,12560,0,1506.199,9,613.899,0.015
2026-05-07T23:05:56.374858,411881,2,12569,0,1507.333,7,614.395,0.015
2026-05-07T23:05:57.442429,412206,2,12579,0,1508.451,9,614.845,0.015
2026-05-07T23:05:58.500389,412518,2,12588,0,1509.521,8,615.341,0.015
2026-05-07T23:05:59.579940,412826,2,12597,0,1510.579,9,615.836,0.015
2026-05-07T23:06:00.635147,413139,2,12607,0,1511.654,9,616.332,0.015
2026-05-07T23:06:01.693907,413447,2,12616,0,1512.712,9,616.782,0.015
2026-05-07T23:06:02.753078,413757,2,12624,0,1513.769,8,617.143,0.015
2026-05-07T23:06:03.814496,414064,2,12634,0,1514.827,8,617.638,0.015
2026-05-07T23:06:04.863434,414374,2,12642,0,1515.885,8,618.134,0.015
2026-05-07T23:06:05.911073,414679,2,12652,0,1516.935,9,618.674,0.015
2026-05-07T23:06:07.024152,414983,2,12663,0,1517.985,11,619.169,0.015
2026-05-07T23:06:08.080244,415309,2,12672,0,1519.099,9,619.664,0.015
2026-05-07T23:06:09.207045,415614,2,12683,0,1520.154,11,620.159,0.015
2026-05-07T23:06:10.267011,415944,2,12692,0,1521.283,7,620.654,0.015
2026-05-07T23:06:11.324094,416243,2,12705,0,1522.338,13,621.239,0.015
2026-05-07T23:06:12.385978,416552,2,12717,0,1523.396,12,621.779,0.015
2026-05-07T23:06:13.443202,416865,2,12724,0,1524.459,7,622.273,0.015
2026-05-07T23:06:14.539370,417171,2,12734,0,1525.515,10,622.722,0.015
2026-05-07T23:06:15.604129,417492,2,12743,0,1526.612,8,623.217,0.015
2026-05-07T23:06:16.704608,417799,2,12754,0,1527.674,10,623.711,0.015
2026-05-07T23:06:17.834289,418118,2,12765,0,1528.777,10,624.250,0.015
2026-05-07T23:06:18.891014,418448,2,12775,0,1529.908,10,624.743,0.015
2026-05-07T23:06:19.937722,418754,2,12785,0,1530.962,9,625.192,0.015
2026-05-07T23:06:21.048457,419058,2,12796,0,1532.012,10,625.686,0.015
2026-05-07T23:06:22.101550,419379,2,12808,0,1533.119,10,626.270,0.015
2026-05-07T23:06:23.156742,419687,2,12817,0,1534.177,8,626.718,0.015
2026-05-07T23:06:24.208264,419995,2,12825,0,1535.232,8,627.122,0.015
2026-05-07T23:06:25.273980,420303,2,12833,0,1536.283,8,627.616,0.015
2026-05-07T23:06:26.370883,420616,2,12841,0,1537.352,7,628.109,0.015
2026-05-07T23:06:27.431333,420932,2,12852,0,1538.444,11,628.648,0.015
2026-05-07T23:06:28.489777,421239,2,12862,0,1539.503,10,629.096,0.015
2026-05-07T23:06:29.556949,421549,2,12871,0,1540.564,9,629.500,0.015
2026-05-07T23:06:30.606659,421859,2,12880,0,1541.628,9,629.993,0.015
2026-05-07T23:06:31.652692,422164,2,12891,0,1542.678,10,630.486,0.015
2026-05-07T23:06:32.699790,422470,2,12898,0,1543.723,6,630.935,0.015
2026-05-07T23:06:33.771105,422775,2,12907,0,1544.771,9,631.338,0.015
2026-05-07T23:06:34.842151,423087,2,12917,0,1545.848,9,631.831,0.015
2026-05-07T23:06:35.891699,423398,2,12927,0,1546.918,8,632.324,0.015
2026-05-07T23:06:36.958415,423704,2,12936,0,1547.967,9,632.773,0.015
2026-05-07T23:06:37.996664,424016,2,12945,0,1549.038,8,633.221,0.015
2026-05-07T23:06:39.074146,424318,2,12953,0,1550.073,8,633.714,0.015
2026-05-07T23:06:40.140903,424634,2,12962,0,1551.154,8,634.162,0.015
2026-05-07T23:06:41.187897,424943,2,12971,0,1552.218,9,634.610,0.015
2026-05-07T23:06:42.238309,425249,2,12980,0,1553.266,9,635.058,0.015
2026-05-07T23:06:43.285518,425556,2,12989,0,1554.317,9,635.507,0.015
2026-05-07T23:06:44.340024,425860,2,12998,0,1555.363,9,636.044,0.015
2026-05-07T23:06:45.434088,426170,2,13006,0,1556.421,8,636.447,0.015
2026-05-07T23:06:46.486912,426486,2,13016,0,1557.509,9,636.895,0.015
2026-05-07T23:06:47.537226,426792,2,13026,0,1558.563,10,637.343,0.015
2026-05-07T23:06:48.587748,427095,2,13038,0,1559.614,11,637.881,0.015
2026-05-07T23:06:49.689648,427402,2,13047,0,1560.666,9,638.329,0.015
2026-05-07T23:06:50.749147,427724,2,13055,0,1561.766,7,638.776,0.015
2026-05-07T23:06:51.800098,428031,2,13067,0,1562.827,11,639.314,0.015
2026-05-07T23:06:52.912901,428338,2,13076,0,1563.881,9,639.806,0.015
2026-05-07T23:06:54.191455,428662,2,13085,0,1564.993,9,640.209,0.015
2026-05-07T23:06:55.301113,429035,2,13096,0,1566.271,8,640.746,0.015
2026-05-07T23:06:56.362924,429355,2,13107,0,1567.377,10,641.238,0.015
2026-05-07T23:06:57.413247,429666,2,13115,0,1568.439,7,641.686,0.015
2026-05-07T23:06:58.463539,429972,2,13125,0,1569.490,10,642.133,0.015
2026-05-07T23:06:59.532277,430278,2,13133,0,1570.539,8,642.492,0.015
2026-05-07T23:07:00.584268,430587,2,13144,0,1571.607,11,642.984,0.015
2026-05-07T23:07:01.652152,430894,2,13153,0,1572.659,9,643.432,0.015
2026-05-07T23:07:02.763770,431206,2,13162,0,1573.728,9,643.834,0.015
2026-05-07T23:07:03.854174,431527,2,13172,0,1574.841,10,644.327,0.015
2026-05-07T23:07:04.954769,431845,2,13183,0,1575.929,10,644.819,0.015
2026-05-07T23:07:06.081758,432164,2,13195,0,1577.031,11,645.401,0.015
2026-05-07T23:07:07.132750,432492,2,13205,0,1578.156,9,645.848,0.015
2026-05-07T23:07:08.234202,432802,2,13211,0,1579.211,6,646.251,0.015
2026-05-07T23:07:09.274140,433123,2,13220,0,1580.312,8,646.788,0.015
2026-05-07T23:07:10.321489,433426,2,13228,0,1581.349,8,647.279,0.015
2026-05-07T23:07:11.387824,433732,2,13237,0,1582.399,9,647.682,0.015
2026-05-07T23:07:12.462133,434041,2,13247,0,1583.462,9,648.174,0.015
2026-05-07T23:07:13.522476,434353,2,13257,0,1584.538,9,648.665,0.015
2026-05-07T23:07:14.565135,434654,2,13265,0,1585.599,8,649.112,0.015
2026-05-07T23:07:15.679073,434968,2,13274,0,1586.643,8,649.514,0.015
2026-05-07T23:07:16.726864,435291,2,13283,0,1587.755,7,650.051,0.015
2026-05-07T23:07:17.781973,435598,2,13292,0,1588.802,9,650.498,0.015
2026-05-07T23:07:18.840489,435904,2,13303,0,1589.856,10,650.989,0.015
2026-05-07T23:07:19.890566,436212,2,13313,0,1590.916,8,651.481,0.015
2026-05-07T23:07:20.947064,436520,2,13321,0,1591.971,8,651.883,0.015
2026-05-07T23:07:22.023026,436828,2,13329,0,1593.026,8,652.330,0.015
2026-05-07T23:07:23.092341,437138,2,13342,0,1594.102,11,652.911,0.015
2026-05-07T23:07:24.143344,437452,2,13349,0,1595.171,6,653.313,0.015
2026-05-07T23:07:25.195004,437759,2,13356,0,1596.218,7,653.805,0.015
2026-05-07T23:07:26.303106,438068,2,13364,0,1597.274,8,654.296,0.015
2026-05-07T23:07:27.354288,438388,2,13375,0,1598.379,10,654.832,0.015
2026-05-07T23:07:28.471531,438694,2,13384,0,1599.429,8,655.234,0.015
2026-05-07T23:07:29.534274,439022,2,13393,0,1600.552,8,655.636,0.015
2026-05-07T23:07:30.578474,439332,2,13401,0,1601.610,7,656.038,0.015
2026-05-07T23:07:31.662129,439637,2,13410,0,1602.654,8,656.529,0.015
2026-05-07T23:07:32.713277,439952,2,13419,0,1603.737,8,656.931,0.015
2026-05-07T23:07:33.763033,440259,2,13427,0,1604.788,7,657.377,0.015
2026-05-07T23:07:34.809915,440566,2,13436,0,1605.842,8,657.913,0.015
2026-05-07T23:07:35.877182,440867,2,13448,0,1606.887,12,658.449,0.015
2026-05-07T23:07:36.973728,441180,2,13456,0,1607.956,8,658.895,0.015
2026-05-07T23:07:38.032344,441499,2,13466,0,1609.053,9,659.431,0.015
2026-05-07T23:07:39.198199,441808,2,13475,0,1610.111,8,659.877,0.015
2026-05-07T23:07:40.254471,442148,2,13485,0,1611.279,9,660.323,0.015
2026-05-07T23:07:41.315755,442455,2,13494,0,1612.332,7,660.770,0.015
2026-05-07T23:07:42.378987,442764,2,13503,0,1613.391,8,661.172,0.015
2026-05-07T23:07:43.436313,443076,2,13510,0,1614.455,6,661.573,0.015
2026-05-07T23:07:44.508334,443384,2,13520,0,1615.517,8,662.109,0.015
2026-05-07T23:07:45.558132,443697,2,13527,0,1616.584,7,662.466,0.015
2026-05-07T23:07:46.632923,444004,2,13537,0,1617.637,10,662.957,0.015
2026-05-07T23:07:47.736876,444316,2,13546,0,1618.710,9,663.404,0.015
2026-05-07T23:07:48.795882,444636,2,13558,0,1619.817,12,663.939,0.015
2026-05-07T23:07:49.849032,444944,2,13567,0,1620.873,9,664.386,0.015
2026-05-07T23:07:50.899899,445251,2,13576,0,1621.924,8,664.877,0.015
2026-05-07T23:07:51.997323,445558,2,13585,0,1622.980,9,665.368,0.015
2026-05-07T23:07:53.044715,445874,2,13597,0,1624.073,10,665.903,0.015
2026-05-07T23:07:54.098762,446179,2,13607,0,1625.123,10,666.349,0.015
2026-05-07T23:07:55.154379,446489,2,13614,0,1626.178,6,666.840,0.015
2026-05-07T23:07:56.214963,446795,2,13624,0,1627.233,10,667.330,0.015
2026-05-07T23:07:57.300250,447102,2,13634,0,1628.290,9,667.776,0.015
2026-05-07T23:07:58.373491,447409,2,13645,0,1629.376,10,668.267,0.015
2026-05-07T23:07:59.480609,447731,2,13654,0,1630.453,9,668.713,0.015
2026-05-07T23:08:00.569721,448054,2,13662,0,1631.556,8,669.159,0.015
2026-05-07T23:08:01.624623,448373,2,13671,0,1632.648,9,669.605,0.015
2026-05-07T23:08:02.675995,448680,2,13679,0,1633.700,8,670.051,0.015
2026-05-07T23:08:03.739292,448985,2,13689,0,1634.751,9,670.541,0.015
2026-05-07T23:08:04.805944,449297,2,13698,0,1635.818,8,670.987,0.015
2026-05-07T23:08:05.853644,449607,2,13707,0,1636.882,8,671.477,0.015
2026-05-07T23:08:06.904598,449912,2,13717,0,1637.931,10,671.923,0.015
2026-05-07T23:08:07.953989,450219,2,13724,0,1638.979,7,672.324,0.015
2026-05-07T23:08:09.001141,450525,2,13733,0,1640.028,9,672.770,0.015
2026-05-07T23:08:10.056910,450832,2,13742,0,1641.080,9,673.171,0.015
2026-05-07T23:08:11.110641,451138,2,13751,0,1642.133,8,673.617,0.015
2026-05-07T23:08:12.164845,451445,2,13761,0,1643.189,9,674.197,0.015
2026-05-07T23:08:13.213490,451753,2,13769,0,1644.240,8,674.643,0.015
2026-05-07T23:08:14.267563,452057,2,13780,0,1645.290,10,675.133,0.015
2026-05-07T23:08:15.354315,452363,2,13790,0,1646.342,9,675.578,0.015
2026-05-07T23:08:16.404446,452679,2,13800,0,1647.430,9,676.024,0.015
2026-05-07T23:08:17.453186,452986,2,13808,0,1648.480,8,676.425,0.015
2026-05-07T23:08:18.504149,453290,2,13818,0,1649.528,10,676.915,0.015
2026-05-07T23:08:19.552314,453594,2,13829,0,1650.578,11,677.405,0.015
2026-05-07T23:08:20.601413,453899,2,13839,0,1651.627,9,677.851,0.015
2026-05-07T23:08:21.687163,454205,2,13849,0,1652.679,10,678.296,0.015
2026-05-07T23:08:22.751442,454520,2,13859,0,1653.765,10,678.742,0.015
2026-05-07T23:08:23.799615,454830,2,13867,0,1654.826,7,679.143,0.015
2026-05-07T23:08:24.892802,455140,2,13874,0,1655.879,6,679.677,0.015
2026-05-07T23:08:25.947587,455457,2,13884,0,1656.972,8,680.212,0.015
2026-05-07T23:08:27.043853,455765,2,13891,0,1658.022,7,680.613,0.015
2026-05-07T23:08:28.096136,456084,2,13902,0,1659.122,11,681.147,0.015
2026-05-07T23:08:29.158055,456390,2,13911,0,1660.170,9,681.592,0.015
2026-05-07T23:08:30.207254,456699,2,13920,0,1661.232,9,682.037,0.015
2026-05-07T23:08:31.242041,457004,2,13931,0,1662.283,11,682.527,0.015
2026-05-07T23:08:32.292493,457304,2,13941,0,1663.318,10,683.017,0.015
2026-05-07T23:08:33.343896,457610,2,13951,0,1664.370,10,683.462,0.015
2026-05-07T23:08:34.391099,457915,2,13961,0,1665.420,10,683.951,0.015
2026-05-07T23:08:35.442753,458217,2,13972,0,1666.467,11,684.441,0.015
2026-05-07T23:08:36.498026,458523,2,13982,0,1667.520,10,684.930,0.015
2026-05-07T23:08:37.559141,458828,2,13993,0,1668.573,11,685.420,0.015
2026-05-07T23:08:38.613465,459139,2,14002,0,1669.641,9,685.865,0.015
2026-05-07T23:08:39.669559,459444,2,14013,0,1670.694,11,686.354,0.015
2026-05-07T23:08:40.723116,459751,2,14023,0,1671.749,10,686.887,0.015
2026-05-07T23:08:41.773570,460058,2,14031,0,1672.799,8,687.288,0.015
2026-05-07T23:08:42.827979,460363,2,14042,0,1673.852,11,687.821,0.015
2026-05-07T23:08:43.887207,460668,2,14052,0,1674.904,10,688.266,0.015
2026-05-07T23:08:44.952946,460976,2,14063,0,1675.964,10,688.755,0.015
2026-05-07T23:08:46.003576,461287,2,14073,0,1677.034,10,689.199,0.015
2026-05-07T23:08:47.053533,461591,2,14082,0,1678.080,9,689.644,0.015
2026-05-07T23:08:48.105956,461898,2,14090,0,1679.130,8,689.999,0.015
2026-05-07T23:08:49.156166,462206,2,14098,0,1680.183,8,690.355,0.015
2026-05-07T23:08:50.219698,462514,2,14106,0,1681.236,7,690.800,0.015
2026-05-07T23:08:51.274682,462823,2,14116,0,1682.300,9,691.289,0.015
2026-05-07T23:08:52.334222,463131,2,14125,0,1683.355,8,691.778,0.015
2026-05-07T23:08:53.399760,463441,2,14133,0,1684.414,8,692.178,0.015
2026-05-07T23:08:54.459190,463749,2,14144,0,1685.480,10,692.667,0.015
2026-05-07T23:08:55.530028,464060,2,14152,0,1686.541,7,693.067,0.015
2026-05-07T23:08:56.592255,464370,2,14162,0,1687.609,9,693.512,0.015
2026-05-07T23:08:57.653410,464678,2,14172,0,1688.668,10,694.001,0.015
2026-05-07T23:08:58.705151,464988,2,14180,0,1689.730,8,694.401,0.015
2026-05-07T23:08:59.763082,465294,2,14189,0,1690.781,9,694.890,0.015
2026-05-07T23:09:00.813538,465603,2,14198,0,1691.840,9,695.335,0.015
2026-05-07T23:09:01.870719,465911,2,14206,0,1692.892,8,695.779,0.015
2026-05-07T23:09:02.931099,466215,2,14218,0,1693.947,10,696.357,0.015
2026-05-07T23:09:03.983833,466526,2,14227,0,1695.011,9,696.801,0.015
2026-05-07T23:09:05.085170,466833,2,14235,0,1696.059,7,697.246,0.015
2026-05-07T23:09:06.167595,467152,2,14245,0,1697.158,10,697.690,0.015
2026-05-07T23:09:07.224057,467468,2,14255,0,1698.244,9,698.179,0.015
2026-05-07T23:09:08.303676,467778,2,14262,0,1699.299,6,698.579,0.015
2026-05-07T23:09:09.363783,468089,2,14274,0,1700.376,10,699.112,0.015
2026-05-07T23:09:10.423196,468399,2,14283,0,1701.439,9,699.601,0.015
2026-05-07T23:09:11.480567,468707,2,14293,0,1702.500,10,700.046,0.015
2026-05-07T23:09:12.544748,469014,2,14304,0,1703.558,11,700.534,0.015
2026-05-07T23:09:13.600433,469322,2,14313,0,1704.618,9,701.023,0.015
2026-05-07T23:09:14.659758,469630,2,14322,0,1705.673,9,701.467,0.015
2026-05-07T23:09:15.723697,469942,2,14329,0,1706.735,7,701.956,0.015
2026-05-07T23:09:16.763512,470253,2,14337,0,1707.800,8,702.400,0.015
2026-05-07T23:09:17.814727,470555,2,14346,0,1708.836,8,702.844,0.015
2026-05-07T23:09:18.880727,470859,2,14357,0,1709.888,10,703.377,0.015
2026-05-07T23:09:19.939267,471169,2,14368,0,1710.956,11,703.910,0.015
2026-05-07T23:09:21.000983,471477,2,14378,0,1712.016,9,704.353,0.015
2026-05-07T23:09:22.059739,471788,2,14386,0,1713.078,8,704.797,0.015
2026-05-07T23:09:23.121390,472098,2,14393,0,1714.136,6,705.197,0.015
2026-05-07T23:09:24.171376,472406,2,14402,0,1715.194,8,705.641,0.015
2026-05-07T23:09:25.374944,472708,2,14412,0,1716.249,9,706.085,0.015
2026-05-07T23:09:26.507317,473059,2,14423,0,1717.471,9,706.662,0.015
2026-05-07T23:09:27.556061,473393,2,14431,0,1718.580,7,707.106,0.015
2026-05-07T23:09:28.607735,473701,2,14439,0,1719.631,8,707.594,0.015
2026-05-07T23:09:29.664120,474004,2,14451,0,1720.683,12,708.127,0.015
2026-05-07T23:09:30.846690,474305,1,14459,0,1721.787,8,708.526,0.015
2026-05-07T23:09:31.894230,474653,2,14470,0,1722.919,10,709.059,0.015
2026-05-07T23:09:32.978621,474962,2,14480,0,1723.971,10,709.591,0.015
2026-05-07T23:09:34.033896,475277,2,14489,0,1725.052,8,710.034,0.015
2026-05-07T23:09:35.109740,475585,2,14500,0,1726.115,10,710.522,0.015
2026-05-07T23:09:36.173716,475896,2,14510,0,1727.187,9,711.010,0.015
2026-05-07T23:09:37.230887,476207,2,14518,0,1728.252,8,711.453,0.015
2026-05-07T23:09:38.295071,476514,2,14527,0,1729.305,9,711.941,0.015
2026-05-07T23:09:39.354986,476824,2,14537,0,1730.369,10,712.384,0.015
2026-05-07T23:09:40.436915,477131,2,14549,0,1731.432,11,712.916,0.015
2026-05-07T23:09:41.475685,477444,2,14560,0,1732.513,10,713.447,0.015
2026-05-07T23:09:42.529865,477746,2,14569,0,1733.551,9,713.846,0.015
2026-05-07T23:09:43.600873,478053,2,14579,0,1734.606,10,714.333,0.015
2026-05-07T23:09:44.714534,478364,2,14588,0,1735.674,9,714.732,0.015
2026-05-07T23:09:45.796262,478688,2,14600,0,1736.794,11,715.264,0.015
2026-05-07T23:09:46.947213,479007,2,14604,0,1737.872,4,715.663,0.015
2026-05-07T23:09:48.013306,479341,2,14615,0,1739.021,8,716.239,0.015
2026-05-07T23:09:49.067809,479654,2,14623,0,1740.092,7,716.682,0.015
2026-05-07T23:09:50.119785,479959,2,14634,0,1741.145,11,717.169,0.015
2026-05-07T23:09:51.176119,480265,2,14643,0,1742.194,9,717.568,0.015
2026-05-07T23:09:52.241172,480572,2,14654,0,1743.254,11,718.055,0.015
2026-05-07T23:09:53.299815,480881,2,14663,0,1744.315,8,718.542,0.015
2026-05-07T23:09:54.370561,481188,2,14674,0,1745.375,11,719.074,0.015
2026-05-07T23:09:55.435821,481499,2,14684,0,1746.445,10,719.516,0.015
2026-05-07T23:09:56.492909,481811,2,14693,0,1747.514,8,719.915,0.015
2026-05-07T23:09:57.544650,482115,2,14705,0,1748.568,12,720.446,0.015
2026-05-07T23:09:58.597660,482418,2,14717,0,1749.618,11,720.889,0.015
2026-05-07T23:09:59.652326,482726,2,14727,0,1750.676,10,721.332,0.015
2026-05-07T23:10:00.708056,483032,2,14735,0,1751.726,8,721.730,0.015
2026-05-07T23:10:01.764560,483342,2,14744,0,1752.786,8,722.173,0.015
2026-05-07T23:10:02.817664,483648,2,14754,0,1753.840,9,722.749,0.015
2026-05-07T23:10:03.863681,483955,2,14762,0,1754.891,8,723.235,0.015
2026-05-07T23:10:04.914543,484260,2,14771,0,1755.939,8,723.678,0.015
2026-05-07T23:10:05.974129,484565,2,14781,0,1756.990,10,724.165,0.015
2026-05-07T23:10:07.022132,484876,2,14789,0,1758.050,8,724.607,0.015
2026-05-07T23:10:08.086862,485182,2,14797,0,1759.097,8,725.138,0.015
2026-05-07T23:10:09.141989,485491,2,14808,0,1760.165,11,725.625,0.015
2026-05-07T23:10:10.199161,485797,2,14818,0,1761.217,9,726.067,0.015
2026-05-07T23:10:11.268411,486105,2,14827,0,1762.274,9,726.553,0.015
2026-05-07T23:10:12.334869,486417,2,14836,0,1763.344,8,726.996,0.015
2026-05-07T23:10:13.397648,486726,2,14846,0,1764.410,8,727.438,0.015
2026-05-07T23:10:14.483156,487037,2,14856,0,1765.477,9,727.968,0.015
2026-05-07T23:10:15.671061,487354,2,14864,0,1766.564,8,728.366,0.015
2026-05-07T23:10:17.313017,487697,2,14878,0,1767.750,12,728.985,0.015
2026-05-07T23:10:18.420009,488179,2,14888,0,1769.391,8,729.516,0.015
2026-05-07T23:10:19.481476,488500,2,14898,0,1770.502,9,730.002,0.015
2026-05-07T23:10:57.691163,488540,2,14898,0,1806.501,0,730.002,0.015
2026-05-07T23:10:59.293339,488922,2,14910,0,1809.785,4,730.606,0.015
[ERROR] Failed to execute goal org.codehaus.mojo:exec-maven-plugin:3.3.0:java (default-cli) on project postgres-queue-hw: An exception occurred while executing the Java class. FATAL: terminating connection due to administrator command -> [Help 1]
[ERROR] 
[ERROR] To see the full stack trace of the errors, re-run Maven with the -e switch.
[ERROR] Re-run Maven using the -X switch to enable full debug logging.
[ERROR] 
[ERROR] For more information about the errors and possible solutions, please read the following articles:
[ERROR] [Help 1] http://cwiki.apache.org/confluence/display/MAVEN/MojoExecutionException
